X,Y,Z,density,resistivity,Ore_log
2409.094,227.2656,380,-0.02179466,2.49181,0
2272.734,409.0938,380,-0.03220363,2.243538,0
3181.813,409.0938,380,-0.03917645,1.908821,0
590.9063,954.5469,380,-0.1512635,2.225766,0
2636.359,1363.641,380,-0.1205996,2.31949,0
3090.906,1863.641,380,-0.2947456,2.183163,0
1590.906,2045.453,380,0.0555933,2.573918,0
772.7344,2090.906,380,-0.2706073,2.59672,0
2045.453,2363.641,380,-0.06631595,2.501602,0
818.1875,2409.094,380,-0.1680225,2.190927,0
2772.734,2409.094,380,-0.01361769,2.332214,0
1409.094,2454.547,380,0.1471372,2.496057,0
1772.734,2545.453,380,0.1242423,2.6333,0
2454.547,2681.813,380,-0.07338431,2.375119,0
1090.906,2818.188,380,0.07286748,2.357128,0
1681.813,2863.641,380,0.1175305,2.317727,0
2772.734,2863.641,380,-0.07390669,2.649631,0
3318.188,2909.094,380,-0.1062749,2.306283,0
1363.641,3000,380,0.1251251,2.333502,0
2272.734,3045.453,380,0.0475836,2.605829,0
2000,3090.906,380,0.04508583,2.491214,0
681.8125,3136.359,380,-0.0779168,2.917332,0
272.7344,3318.188,380,-0.2098845,2.015352,0
1090.906,3363.641,380,0.03969792,2.275334,0
1545.453,3363.641,380,0.07482547,2.586016,0
1954.547,3363.641,380,-0.06638022,2.614943,0
2681.813,3363.641,380,0.01301259,3.08972,0
4000,3636.359,380,0.02562395,2.13839,0
1318.188,3681.813,380,0.04126143,2.336321,0
3000,3727.266,380,0.08115489,2.164442,0
2318.188,3818.188,380,-0.2315199,2.951865,0
500,4090.906,380,-0.3086297,2.359026,0
3272.734,4090.906,380,0.2070478,2.382603,0
3954.547,4136.359,380,0.185882,2.224817,0
3500,4272.734,380,0.2358536,2.330278,0
2409.094,227.2656,372.2449,-0.02172836,2.499098,0
2272.734,409.0938,372.2449,-0.03146304,2.249925,0
3181.813,409.0938,372.2449,-0.03804581,1.917722,0
590.9063,954.5469,372.2449,-0.1494267,2.221666,0
2636.359,1363.641,372.2449,-0.1200943,2.32296,0
3090.906,1863.641,372.2449,-0.2923781,2.189987,0
1590.906,2045.453,372.2449,0.05402962,2.560834,0
772.7344,2090.906,372.2449,-0.2690445,2.586697,0
2045.453,2363.641,372.2449,-0.06480354,2.494396,0
818.1875,2409.094,372.2449,-0.1662405,2.199256,0
2772.734,2409.094,372.2449,-0.01517939,2.331244,0
1409.094,2454.547,372.2449,0.1472596,2.487988,0
1772.734,2545.453,372.2449,0.1233216,2.619714,0
2454.547,2681.813,372.2449,-0.07339905,2.37026,0
1090.906,2818.188,372.2449,0.07378431,2.355774,0
1681.813,2863.641,372.2449,0.1173408,2.317138,0
2772.734,2863.641,372.2449,-0.07358839,2.646156,0
3318.188,2909.094,372.2449,-0.1059668,2.312937,0
1363.641,3000,372.2449,0.1234615,2.3361,0
2272.734,3045.453,372.2449,0.04721917,2.604101,0
2000,3090.906,372.2449,0.0469982,2.486587,0
681.8125,3136.359,372.2449,-0.07783923,2.916761,0
272.7344,3318.188,372.2449,-0.2098784,2.029441,0
1090.906,3363.641,372.2449,0.03857316,2.268203,0
1545.453,3363.641,372.2449,0.07453301,2.577376,0
1954.547,3363.641,372.2449,-0.06722222,2.617318,0
2681.813,3363.641,372.2449,0.01152654,3.081922,0
4000,3636.359,372.2449,0.02583496,2.144847,0
1318.188,3681.813,372.2449,0.04232883,2.338506,0
3000,3727.266,372.2449,0.08020504,2.167517,0
2318.188,3818.188,372.2449,-0.2305437,2.947817,0
500,4090.906,372.2449,-0.3075098,2.364115,0
3272.734,4090.906,372.2449,0.2080668,2.378309,0
3954.547,4136.359,372.2449,0.186507,2.223361,0
3500,4272.734,372.2449,0.2374768,2.328462,0
2409.094,227.2656,364.4898,-0.01958039,2.496648,0
2272.734,409.0938,364.4898,-0.03072537,2.251449,0
3181.813,409.0938,364.4898,-0.03704737,1.922498,0
590.9063,954.5469,364.4898,-0.148718,2.221636,0
2636.359,1363.641,364.4898,-0.1179295,2.330597,0
3090.906,1863.641,364.4898,-0.2934127,2.194893,0
1590.906,2045.453,364.4898,0.05584695,2.551093,0
772.7344,2090.906,364.4898,-0.2678944,2.588321,0
2045.453,2363.641,364.4898,-0.06772128,2.490116,0
818.1875,2409.094,364.4898,-0.1657718,2.192256,0
2772.734,2409.094,364.4898,-0.0101065,2.331165,0
1409.094,2454.547,364.4898,0.1479648,2.480446,0
1772.734,2545.453,364.4898,0.1229348,2.613575,0
2454.547,2681.813,364.4898,-0.07510224,2.367024,0
1090.906,2818.188,364.4898,0.073278,2.353013,0
1681.813,2863.641,364.4898,0.115753,2.305645,0
2772.734,2863.641,364.4898,-0.07443814,2.640498,0
3318.188,2909.094,364.4898,-0.105221,2.312924,0
1363.641,3000,364.4898,0.1231429,2.326049,0
2272.734,3045.453,364.4898,0.04826341,2.584985,0
2000,3090.906,364.4898,0.04506389,2.475186,0
681.8125,3136.359,364.4898,-0.07498425,2.924678,0
272.7344,3318.188,364.4898,-0.2053597,2.015257,0
1090.906,3363.641,364.4898,0.04048038,2.267781,0
1545.453,3363.641,364.4898,0.07497924,2.563771,0
1954.547,3363.641,364.4898,-0.06785436,2.602212,0
2681.813,3363.641,364.4898,0.01416464,3.066354,0
4000,3636.359,364.4898,0.02841026,2.141793,0
1318.188,3681.813,364.4898,0.04641946,2.324022,0
3000,3727.266,364.4898,0.08176703,2.148858,0
2318.188,3818.188,364.4898,-0.2302498,2.947878,0
500,4090.906,364.4898,-0.3042367,2.359269,0
3272.734,4090.906,364.4898,0.2120853,2.373353,0
3954.547,4136.359,364.4898,0.1894219,2.223362,0
3500,4272.734,364.4898,0.2412812,2.326113,0
2409.094,227.2656,356.7347,-0.01842953,2.49411,0
2272.734,409.0938,356.7347,-0.03023805,2.25311,0
3181.813,409.0938,356.7347,-0.03632012,1.923514,0
590.9063,954.5469,356.7347,-0.1478521,2.220927,0
2636.359,1363.641,356.7347,-0.1165628,2.334183,0
3090.906,1863.641,356.7347,-0.2939371,2.199361,0
1590.906,2045.453,356.7347,0.05772014,2.546096,0
772.7344,2090.906,356.7347,-0.267412,2.584732,0
2045.453,2363.641,356.7347,-0.06907335,2.487905,0
818.1875,2409.094,356.7347,-0.1655443,2.190221,0
2772.734,2409.094,356.7347,-0.007739095,2.329928,0
1409.094,2454.547,356.7347,0.1487603,2.476794,0
1772.734,2545.453,356.7347,0.1227638,2.607384,0
2454.547,2681.813,356.7347,-0.07615288,2.363477,0
1090.906,2818.188,356.7347,0.07318569,2.3499,0
1681.813,2863.641,356.7347,0.1147614,2.29986,0
2772.734,2863.641,356.7347,-0.07485573,2.637412,0
3318.188,2909.094,356.7347,-0.1047309,2.313765,0
1363.641,3000,356.7347,0.1229993,2.319565,0
2272.734,3045.453,356.7347,0.04890578,2.574777,0
2000,3090.906,356.7347,0.04488447,2.467019,0
681.8125,3136.359,356.7347,-0.07320395,2.932473,0
272.7344,3318.188,356.7347,-0.2033209,2.011812,0
1090.906,3363.641,356.7347,0.04180142,2.264971,0
1545.453,3363.641,356.7347,0.07529341,2.555367,0
1954.547,3363.641,356.7347,-0.06845054,2.593664,0
2681.813,3363.641,356.7347,0.01511742,3.057191,0
4000,3636.359,356.7347,0.03014465,2.140151,0
1318.188,3681.813,356.7347,0.04950559,2.321188,0
3000,3727.266,356.7347,0.08330838,2.139715,0
2318.188,3818.188,356.7347,-0.2297449,2.94498,0
500,4090.906,356.7347,-0.3032482,2.358902,0
3272.734,4090.906,356.7347,0.2142116,2.3682,0
3954.547,4136.359,356.7347,0.1911071,2.223276,0
3500,4272.734,356.7347,0.2437108,2.326271,0
2409.094,227.2656,348.9796,-0.01709409,2.497944,0
2272.734,409.0938,348.9796,-0.02872488,2.260846,0
3181.813,409.0938,348.9796,-0.03489168,1.926923,0
590.9063,954.5469,348.9796,-0.1453292,2.217047,0
2636.359,1363.641,348.9796,-0.1147681,2.338883,0
3090.906,1863.641,348.9796,-0.292353,2.210624,0
1590.906,2045.453,348.9796,0.05913962,2.532441,0
772.7344,2090.906,348.9796,-0.2643929,2.573078,0
2045.453,2363.641,348.9796,-0.06981093,2.478482,0
818.1875,2409.094,348.9796,-0.1646257,2.191558,0
2772.734,2409.094,348.9796,-0.0069506,2.326699,0
1409.094,2454.547,348.9796,0.1493967,2.467982,0
1772.734,2545.453,348.9796,0.1217211,2.588521,0
2454.547,2681.813,348.9796,-0.07674655,2.355138,0
1090.906,2818.188,348.9796,0.07462278,2.340589,0
1681.813,2863.641,348.9796,0.1138713,2.292529,0
2772.734,2863.641,348.9796,-0.0747098,2.629445,0
3318.188,2909.094,348.9796,-0.1040534,2.321238,0
1363.641,3000,348.9796,0.1215709,2.313893,0
2272.734,3045.453,348.9796,0.04878435,2.566539,0
2000,3090.906,348.9796,0.04642489,2.455424,0
681.8125,3136.359,348.9796,-0.07126597,2.934243,0
272.7344,3318.188,348.9796,-0.2010302,2.021392,0
1090.906,3363.641,348.9796,0.04292731,2.260696,0
1545.453,3363.641,348.9796,0.07496022,2.540513,0
1954.547,3363.641,348.9796,-0.06915532,2.584892,0
2681.813,3363.641,348.9796,0.01499677,3.040072,0
4000,3636.359,348.9796,0.03164719,2.142761,0
1318.188,3681.813,348.9796,0.05313385,2.317204,0
3000,3727.266,348.9796,0.08311867,2.13197,0
2318.188,3818.188,348.9796,-0.2283515,2.939115,0
500,4090.906,348.9796,-0.3017716,2.362006,0
3272.734,4090.906,348.9796,0.2174107,2.359265,0
3954.547,4136.359,348.9796,0.1933537,2.222732,0
3500,4272.734,348.9796,0.2474787,2.322206,0
2409.094,227.2656,341.2245,-0.01489427,2.492421,0
2272.734,409.0938,341.2245,-0.02805647,2.260115,0
3181.813,409.0938,341.2245,-0.03385049,1.929681,0
590.9063,954.5469,341.2245,-0.1451163,2.218126,0
2636.359,1363.641,341.2245,-0.1120625,2.338002,0
3090.906,1863.641,341.2245,-0.2941206,2.21536,0
1590.906,2045.453,341.2245,0.06217023,2.521652,0
772.7344,2090.906,341.2245,-0.2633332,2.575026,0
2045.453,2363.641,341.2245,-0.07307932,2.476821,0
818.1875,2409.094,341.2245,-0.1644198,2.183712,0
2772.734,2409.094,341.2245,-0.001134975,2.32689,0
1409.094,2454.547,341.2245,0.1502754,2.46241,0
1772.734,2545.453,341.2245,0.1218537,2.58352,0
2454.547,2681.813,341.2245,-0.07870907,2.352698,0
1090.906,2818.188,341.2245,0.07396334,2.338088,0
1681.813,2863.641,341.2245,0.1126719,2.279624,0
2772.734,2863.641,341.2245,-0.07584491,2.622094,0
3318.188,2909.094,341.2245,-0.1031885,2.319809,0
1363.641,3000,341.2245,0.1219423,2.297956,0
2272.734,3045.453,341.2245,0.05031752,2.542691,0
2000,3090.906,341.2245,0.04457725,2.439984,0
681.8125,3136.359,341.2245,-0.06846312,2.940465,0
272.7344,3318.188,341.2245,-0.196634,2.001507,0
1090.906,3363.641,341.2245,0.04510409,2.26036,0
1545.453,3363.641,341.2245,0.07566925,2.527166,0
1954.547,3363.641,341.2245,-0.0704014,2.566262,0
2681.813,3363.641,341.2245,0.01838084,3.022588,0
4000,3636.359,341.2245,0.0348817,2.135849,0
1318.188,3681.813,341.2245,0.05777287,2.304745,0
3000,3727.266,341.2245,0.08522532,2.110283,0
2318.188,3818.188,341.2245,-0.2277741,2.938475,0
500,4090.906,341.2245,-0.2994909,2.357573,0
3272.734,4090.906,341.2245,0.2216895,2.354201,0
3954.547,4136.359,341.2245,0.1962866,2.22341,0
3500,4272.734,341.2245,0.2519094,2.319644,0
2409.094,227.2656,333.4694,-0.01442274,2.498812,0
2272.734,409.0938,333.4694,-0.0269047,2.26612,0
3181.813,409.0938,333.4694,-0.03248794,1.934451,0
590.9063,954.5469,333.4694,-0.1437039,2.214044,0
2636.359,1363.641,333.4694,-0.1109477,2.341015,0
3090.906,1863.641,333.4694,-0.2917424,2.221031,0
1590.906,2045.453,333.4694,0.0604403,2.508039,0
772.7344,2090.906,333.4694,-0.2606878,2.565695,0
2045.453,2363.641,333.4694,-0.07162361,2.469085,0
818.1875,2409.094,333.4694,-0.1630839,2.186117,0
2772.734,2409.094,333.4694,-0.001745833,2.326118,0
1409.094,2454.547,333.4694,0.1500342,2.449972,0
1772.734,2545.453,333.4694,0.1214977,2.567711,0
2454.547,2681.813,333.4694,-0.07826754,2.346261,0
1090.906,2818.188,333.4694,0.07468142,2.332085,0
1681.813,2863.641,333.4694,0.1124514,2.27448,0
2772.734,2863.641,333.4694,-0.07559292,2.615928,0
3318.188,2909.094,333.4694,-0.1024785,2.328676,0
1363.641,3000,333.4694,0.1203677,2.296987,0
2272.734,3045.453,333.4694,0.05018257,2.537792,0
2000,3090.906,333.4694,0.04559566,2.432238,0
681.8125,3136.359,333.4694,-0.06709576,2.936483,0
272.7344,3318.188,333.4694,-0.1950494,2.018054,0
1090.906,3363.641,333.4694,0.04483348,2.253883,0
1545.453,3363.641,333.4694,0.07576239,2.515388,0
1954.547,3363.641,333.4694,-0.07059495,2.563632,0
2681.813,3363.641,333.4694,0.01765946,3.008471,0
4000,3636.359,333.4694,0.03548368,2.140169,0
1318.188,3681.813,333.4694,0.05939556,2.301452,0
3000,3727.266,333.4694,0.08544317,2.111406,0
2318.188,3818.188,333.4694,-0.2263755,2.93566,0
500,4090.906,333.4694,-0.2974207,2.358531,0
3272.734,4090.906,333.4694,0.223784,2.349176,0
3954.547,4136.359,333.4694,0.1977341,2.221305,0
3500,4272.734,333.4694,0.254131,2.31862,0
2409.094,227.2656,325.7143,-0.01244034,2.494149,0
2272.734,409.0938,325.7143,-0.02558809,2.268767,0
3181.813,409.0938,325.7143,-0.03057377,1.940828,0
590.9063,954.5469,325.7143,-0.1416796,2.210688,0
2636.359,1363.641,325.7143,-0.108116,2.343067,0
3090.906,1863.641,325.7143,-0.2909213,2.230685,0
1590.906,2045.453,325.7143,0.06220666,2.48902,0
772.7344,2090.906,325.7143,-0.2590393,2.555247,0
2045.453,2363.641,325.7143,-0.07319883,2.460121,0
818.1875,2409.094,325.7143,-0.1617956,2.182938,0
2772.734,2409.094,325.7143,0.001945959,2.322753,0
1409.094,2454.547,325.7143,0.1503821,2.437298,0
1772.734,2545.453,325.7143,0.121118,2.552,0
2454.547,2681.813,325.7143,-0.07919392,2.339824,0
1090.906,2818.188,325.7143,0.07498913,2.325378,0
1681.813,2863.641,325.7143,0.1109613,2.261408,0
2772.734,2863.641,325.7143,-0.07563941,2.604017,0
3318.188,2909.094,325.7143,-0.1012026,2.335405,0
1363.641,3000,325.7143,0.119831,2.28384,0
2272.734,3045.453,325.7143,0.05120482,2.51775,0
2000,3090.906,325.7143,0.04548114,2.41442,0
681.8125,3136.359,325.7143,-0.06375584,2.940802,0
272.7344,3318.188,325.7143,-0.1905408,2.024573,0
1090.906,3363.641,325.7143,0.04672269,2.248003,0
1545.453,3363.641,325.7143,0.07589445,2.497257,0
1954.547,3363.641,325.7143,-0.0713504,2.547539,0
2681.813,3363.641,325.7143,0.01923615,2.981328,0
4000,3636.359,325.7143,0.03919865,2.137926,0
1318.188,3681.813,325.7143,0.06246153,2.287776,0
3000,3727.266,325.7143,0.08623506,2.093985,0
2318.188,3818.188,325.7143,-0.2245595,2.934052,0
500,4090.906,325.7143,-0.2942105,2.356925,0
3272.734,4090.906,325.7143,0.2279606,2.338538,0
3954.547,4136.359,325.7143,0.2006562,2.221156,0
3500,4272.734,325.7143,0.2589118,2.314011,0
2409.094,227.2656,317.9592,-0.01096444,2.493262,0
2272.734,409.0938,317.9592,-0.02468869,2.269071,0
3181.813,409.0938,317.9592,-0.02953943,1.943023,0
590.9063,954.5469,317.9592,-0.1404857,2.210068,0
2636.359,1363.641,317.9592,-0.1060715,2.344268,0
3090.906,1863.641,317.9592,-0.2915293,2.237039,0
1590.906,2045.453,317.9592,0.06526628,2.480389,0
772.7344,2090.906,317.9592,-0.257037,2.555142,0
2045.453,2363.641,317.9592,-0.07560392,2.456679,0
818.1875,2409.094,317.9592,-0.1613338,2.177628,0
2772.734,2409.094,317.9592,0.005460041,2.323143,0
1409.094,2454.547,317.9592,0.1511066,2.434211,0
1772.734,2545.453,317.9592,0.1205587,2.546069,0
2454.547,2681.813,317.9592,-0.08056271,2.335992,0
1090.906,2818.188,317.9592,0.07490022,2.321624,0
1681.813,2863.641,317.9592,0.1102102,2.252886,0
2772.734,2863.641,317.9592,-0.07606275,2.598081,0
3318.188,2909.094,317.9592,-0.1005182,2.33913,0
1363.641,3000,317.9592,0.1200818,2.272223,0
2272.734,3045.453,317.9592,0.05226408,2.499721,0
2000,3090.906,317.9592,0.04428187,2.402908,0
681.8125,3136.359,317.9592,-0.06161644,2.946363,0
272.7344,3318.188,317.9592,-0.1887911,2.012858,0
1090.906,3363.641,317.9592,0.04822063,2.244534,0
1545.453,3363.641,317.9592,0.07602949,2.485783,0
1954.547,3363.641,317.9592,-0.0717932,2.531985,0
2681.813,3363.641,317.9592,0.02084156,2.966339,0
4000,3636.359,317.9592,0.04150916,2.133646,0
1318.188,3681.813,317.9592,0.06614497,2.28359,0
3000,3727.266,317.9592,0.08792864,2.080371,0
2318.188,3818.188,317.9592,-0.2235983,2.930843,0
500,4090.906,317.9592,-0.2920023,2.353749,0
3272.734,4090.906,317.9592,0.2313869,2.335043,0
3954.547,4136.359,317.9592,0.2029029,2.22181,0
3500,4272.734,317.9592,0.2622066,2.312122,0
2409.094,227.2656,310.2041,-0.009738846,2.497132,0
2272.734,409.0938,310.2041,-0.02255653,2.276974,0
3181.813,409.0938,310.2041,-0.02740621,1.947135,0
590.9063,954.5469,310.2041,-0.1367375,2.203767,0
2636.359,1363.641,310.2041,-0.1041187,2.349633,0
3090.906,1863.641,310.2041,-0.2886974,2.247414,0
1590.906,2045.453,310.2041,0.06563866,2.462015,0
772.7344,2090.906,310.2041,-0.2530651,2.537853,0
2045.453,2363.641,310.2041,-0.07510988,2.442222,0
818.1875,2409.094,310.2041,-0.1597406,2.180025,0
2772.734,2409.094,310.2041,0.004912736,2.317777,0
1409.094,2454.547,310.2041,0.1513243,2.419477,0
1772.734,2545.453,310.2041,0.1195302,2.522671,0
2454.547,2681.813,310.2041,-0.0796656,2.325944,0
1090.906,2818.188,310.2041,0.07684667,2.309325,0
1681.813,2863.641,310.2041,0.1096805,2.24446,0
2772.734,2863.641,310.2041,-0.07505924,2.587175,0
3318.188,2909.094,310.2041,-0.0994371,2.353131,0
1363.641,3000,310.2041,0.118636,2.266881,0
2272.734,3045.453,310.2041,0.0518954,2.490529,0
2000,3090.906,310.2041,0.04642583,2.388555,0
681.8125,3136.359,310.2041,-0.05968462,2.944259,0
272.7344,3318.188,310.2041,-0.1863395,2.039495,0
1090.906,3363.641,310.2041,0.04997718,2.237875,0
1545.453,3363.641,310.2041,0.07546619,2.467389,0
1954.547,3363.641,310.2041,-0.07107571,2.521966,0
2681.813,3363.641,310.2041,0.01976614,2.944062,0
4000,3636.359,310.2041,0.0437482,2.136866,0
1318.188,3681.813,310.2041,0.06876256,2.281486,0
3000,3727.266,310.2041,0.08753829,2.081975,0
2318.188,3818.188,310.2041,-0.2213031,2.924062,0
500,4090.906,310.2041,-0.2899099,2.356021,0
3272.734,4090.906,310.2041,0.2346894,2.324667,0
3954.547,4136.359,310.2041,0.2054991,2.220025,0
3500,4272.734,310.2041,0.2657495,2.308403,0
2409.094,227.2656,302.449,-0.007473899,2.491547,0
2272.734,409.0938,302.449,-0.02121983,2.274945,0
3181.813,409.0938,302.449,-0.02513434,1.95474,0
590.9063,954.5469,302.449,-0.1360665,2.20225,0
2636.359,1363.641,302.449,-0.100718,2.346324,0
3090.906,1863.641,302.449,-0.2883368,2.254649,0
1590.906,2045.453,302.449,0.06817453,2.442174,0
772.7344,2090.906,302.449,-0.2511108,2.534726,0
2045.453,2363.641,302.449,-0.07696339,2.437912,0
818.1875,2409.094,302.449,-0.1581682,2.17224,0
2772.734,2409.094,302.449,0.01079236,2.317921,0
1409.094,2454.547,302.449,0.1518715,2.408346,0
1772.734,2545.453,302.449,0.1197816,2.511618,0
2454.547,2681.813,302.449,-0.08151279,2.320508,0
1090.906,2818.188,302.449,0.07614156,2.306462,0
1681.813,2863.641,302.449,0.1089869,2.230017,0
2772.734,2863.641,302.449,-0.07554308,2.574934,0
3318.188,2909.094,302.449,-0.09779216,2.358564,0
1363.641,3000,302.449,0.1191984,2.248854,0
2272.734,3045.453,302.449,0.05416912,2.462037,0
2000,3090.906,302.449,0.04456498,2.369728,0
681.8125,3136.359,302.449,-0.05570379,2.945773,0
272.7344,3318.188,302.449,-0.1816573,2.031595,0
1090.906,3363.641,302.449,0.05125216,2.229837,0
1545.453,3363.641,302.449,0.07606695,2.448153,0
1954.547,3363.641,302.449,-0.07213901,2.50154,0
2681.813,3363.641,302.449,0.02277093,2.915658,0
4000,3636.359,302.449,0.04759709,2.13036,0
1318.188,3681.813,302.449,0.07308889,2.267492,0
3000,3727.266,302.449,0.09017129,2.059115,0
2318.188,3818.188,302.449,-0.2194045,2.921765,0
500,4090.906,302.449,-0.2857974,2.342823,0
3272.734,4090.906,302.449,0.2399249,2.31774,0
3954.547,4136.359,302.449,0.2090314,2.217593,0
3500,4272.734,302.449,0.2710357,2.305139,0
2409.094,227.2656,294.6939,-0.006354032,2.491813,0
2272.734,409.0938,294.6939,-0.01990276,2.278111,0
3181.813,409.0938,294.6939,-0.02347092,1.959046,0
590.9063,954.5469,294.6939,-0.1340647,2.199025,0
2636.359,1363.641,294.6939,-0.09917264,2.345891,0
3090.906,1863.641,294.6939,-0.2860987,2.260373,0
1590.906,2045.453,294.6939,0.06774332,2.428575,0
772.7344,2090.906,294.6939,-0.2491412,2.525243,0
2045.453,2363.641,294.6939,-0.07599828,2.428793,0
818.1875,2409.094,294.6939,-0.1567415,2.172854,0
2772.734,2409.094,294.6939,0.01134125,2.315246,0
1409.094,2454.547,294.6939,0.1511947,2.396637,0
1772.734,2545.453,294.6939,0.1194273,2.497037,0
2454.547,2681.813,294.6939,-0.08043604,2.314642,0
1090.906,2818.188,294.6939,0.07702848,2.30014,0
1681.813,2863.641,294.6939,0.1087786,2.222492,0
2772.734,2863.641,294.6939,-0.07488489,2.565899,0
3318.188,2909.094,294.6939,-0.09669305,2.366332,0
1363.641,3000,294.6939,0.1183467,2.243692,0
2272.734,3045.453,294.6939,0.0540456,2.454795,0
2000,3090.906,294.6939,0.04547413,2.358379,0
681.8125,3136.359,294.6939,-0.05352761,2.938468,0
272.7344,3318.188,294.6939,-0.1787024,2.043309,0
1090.906,3363.641,294.6939,0.05200613,2.224514,0
1545.453,3363.641,294.6939,0.07640371,2.435961,0
1954.547,3363.641,294.6939,-0.07168676,2.494427,0
2681.813,3363.641,294.6939,0.02318996,2.896525,0
4000,3636.359,294.6939,0.04939109,2.131757,0
1318.188,3681.813,294.6939,0.07400849,2.260627,0
3000,3727.266,294.6939,0.09019793,2.0581,0
2318.188,3818.188,294.6939,-0.2176239,2.919932,0
500,4090.906,294.6939,-0.2833119,2.346368,0
3272.734,4090.906,294.6939,0.2421106,2.311402,0
3954.547,4136.359,294.6939,0.2106876,2.21714,0
3500,4272.734,294.6939,0.273635,2.301851,0
2409.094,227.2656,286.9388,-0.004027037,2.491476,0
2272.734,409.0938,286.9388,-0.01721981,2.281898,0
3181.813,409.0938,286.9388,-0.02032359,1.966861,0
590.9063,954.5469,286.9388,-0.1312798,2.193704,0
2636.359,1363.641,286.9388,-0.09571026,2.34575,0
3090.906,1863.641,286.9388,-0.2831756,2.270363,0
1590.906,2045.453,286.9388,0.0688016,2.401899,0
772.7344,2090.906,286.9388,-0.2445502,2.509992,0
2045.453,2363.641,286.9388,-0.07671708,2.415186,0
818.1875,2409.094,286.9388,-0.1541237,2.171102,0
2772.734,2409.094,286.9388,0.01383051,2.311328,0
1409.094,2454.547,286.9388,0.1521755,2.377779,0
1772.734,2545.453,286.9388,0.1200392,2.47399,0
2454.547,2681.813,286.9388,-0.08066057,2.303378,0
1090.906,2818.188,286.9388,0.07869021,2.289589,0
1681.813,2863.641,286.9388,0.1088905,2.209937,0
2772.734,2863.641,286.9388,-0.07404257,2.55188,0
3318.188,2909.094,286.9388,-0.09465212,2.37984,0
1363.641,3000,286.9388,0.1178256,2.229328,0
2272.734,3045.453,286.9388,0.05554067,2.433782,0
2000,3090.906,286.9388,0.04678223,2.336323,0
681.8125,3136.359,286.9388,-0.0501093,2.93592,0
272.7344,3318.188,286.9388,-0.1762226,2.054817,0
1090.906,3363.641,286.9388,0.05380658,2.214473,0
1545.453,3363.641,286.9388,0.07669738,2.412041,0
1954.547,3363.641,286.9388,-0.07100192,2.473463,0
2681.813,3363.641,286.9388,0.0242229,2.865249,0
4000,3636.359,286.9388,0.05259503,2.130819,0
1318.188,3681.813,286.9388,0.07880562,2.255899,0
3000,3727.266,286.9388,0.0920899,2.051891,0
2318.188,3818.188,286.9388,-0.2146386,2.911259,0
500,4090.906,286.9388,-0.2792076,2.345763,0
3272.734,4090.906,286.9388,0.2472901,2.301445,0
3954.547,4136.359,286.9388,0.2143322,2.216008,0
3500,4272.734,286.9388,0.2783725,2.298946,0
2409.094,227.2656,279.1837,-0.001644803,2.483089,0
2272.734,409.0938,279.1837,-0.01544875,2.27934,0
3181.813,409.0938,279.1837,-0.01837659,1.967045,0
590.9063,954.5469,279.1837,-0.1296901,2.192085,0
2636.359,1363.641,279.1837,-0.09258892,2.342933,0
3090.906,1863.641,279.1837,-0.2837395,2.277318,0
1590.906,2045.453,279.1837,0.07442719,2.388628,0
772.7344,2090.906,279.1837,-0.2425408,2.505113,0
2045.453,2363.641,279.1837,-0.07898088,2.412429,0
818.1875,2409.094,279.1837,-0.1534009,2.164014,0
2772.734,2409.094,279.1837,0.01911466,2.307837,0
1409.094,2454.547,279.1837,0.1540331,2.374886,0
1772.734,2545.453,279.1837,0.1199342,2.465335,0
2454.547,2681.813,279.1837,-0.08186075,2.30016,0
1090.906,2818.188,279.1837,0.07939047,2.283375,0
1681.813,2863.641,279.1837,0.108849,2.197297,0
2772.734,2863.641,279.1837,-0.07384132,2.540081,0
3318.188,2909.094,279.1837,-0.0931865,2.383499,0
1363.641,3000,279.1837,0.1195726,2.213391,0
2272.734,3045.453,279.1837,0.05751252,2.411634,0
2000,3090.906,279.1837,0.04610088,2.321522,0
681.8125,3136.359,279.1837,-0.04678772,2.936671,0
272.7344,3318.188,279.1837,-0.1716473,2.04942,0
1090.906,3363.641,279.1837,0.05669851,2.211567,0
1545.453,3363.641,279.1837,0.07649864,2.396823,0
1954.547,3363.641,279.1837,-0.07101916,2.453943,0
2681.813,3363.641,279.1837,0.02708443,2.840691,0
4000,3636.359,279.1837,0.0561561,2.125178,0
1318.188,3681.813,279.1837,0.08243354,2.24515,0
3000,3727.266,279.1837,0.09417094,2.033215,0
2318.188,3818.188,279.1837,-0.2126411,2.907535,0
500,4090.906,279.1837,-0.2770454,2.333261,0
3272.734,4090.906,279.1837,0.2519368,2.293733,0
3954.547,4136.359,279.1837,0.2170289,2.215405,0
3500,4272.734,279.1837,0.2825542,2.295272,0
2409.094,227.2656,271.4286,0.00016381,2.485038,0
2272.734,409.0938,271.4286,-0.01305178,2.285117,0
3181.813,409.0938,271.4286,-0.01544677,1.975395,0
590.9063,954.5469,271.4286,-0.1252524,2.18636,0
2636.359,1363.641,271.4286,-0.09078835,2.347989,0
3090.906,1863.641,271.4286,-0.279191,2.284353,0
1590.906,2045.453,271.4286,0.07372637,2.366611,0
772.7344,2090.906,271.4286,-0.2388555,2.487056,0
2045.453,2363.641,271.4286,-0.07666893,2.396862,0
818.1875,2409.094,271.4286,-0.1504527,2.165532,0
2772.734,2409.094,271.4286,0.01858561,2.303057,0
1409.094,2454.547,271.4286,0.1540777,2.355012,0
1772.734,2545.453,271.4286,0.1193968,2.442145,0
2454.547,2681.813,271.4286,-0.07981512,2.287982,0
1090.906,2818.188,271.4286,0.08126424,2.27293,0
1681.813,2863.641,271.4286,0.1089375,2.188418,0
2772.734,2863.641,271.4286,-0.07213867,2.52831,0
3318.188,2909.094,271.4286,-0.09118353,2.39621,0
1363.641,3000,271.4286,0.1182528,2.208203,0
2272.734,3045.453,271.4286,0.05759892,2.400128,0
2000,3090.906,271.4286,0.04882643,2.305905,0
681.8125,3136.359,271.4286,-0.04374044,2.930701,0
272.7344,3318.188,271.4286,-0.1696721,2.066886,0
1090.906,3363.641,271.4286,0.05733766,2.199872,0
1545.453,3363.641,271.4286,0.07760658,2.379559,0
1954.547,3363.641,271.4286,-0.06968562,2.44559,0
2681.813,3363.641,271.4286,0.02719335,2.81491,0
4000,3636.359,271.4286,0.05872646,2.128239,0
1318.188,3681.813,271.4286,0.0849655,2.24138,0
3000,3727.266,271.4286,0.0943382,2.034662,0
2318.188,3818.188,271.4286,-0.2095458,2.899106,0
500,4090.906,271.4286,-0.2735197,2.343462,0
3272.734,4090.906,271.4286,0.2545222,2.284472,0
3954.547,4136.359,271.4286,0.2189615,2.213275,0
3500,4272.734,271.4286,0.2862171,2.290457,0
2409.094,227.2656,263.6735,0.003649535,2.476902,0
2272.734,409.0938,263.6735,-0.009677945,2.281749,0
3181.813,409.0938,263.6735,-0.01152403,1.980157,0
590.9063,954.5469,263.6735,-0.1232768,2.182667,0
2636.359,1363.641,263.6735,-0.08609992,2.342377,0
3090.906,1863.641,263.6735,-0.2770104,2.29203,0
1590.906,2045.453,263.6735,0.07661583,2.341152,0
772.7344,2090.906,263.6735,-0.2350847,2.477707,0
2045.453,2363.641,263.6735,-0.07729253,2.388492,0
818.1875,2409.094,263.6735,-0.1478872,2.158432,0
2772.734,2409.094,263.6735,0.02494268,2.298171,0
1409.094,2454.547,263.6735,0.1555129,2.339054,0
1772.734,2545.453,263.6735,0.1204917,2.425311,0
2454.547,2681.813,263.6735,-0.08022061,2.281699,0
1090.906,2818.188,263.6735,0.08294877,2.263889,0
1681.813,2863.641,263.6735,0.109561,2.171346,0
2772.734,2863.641,263.6735,-0.07105786,2.50992,0
3318.188,2909.094,263.6735,-0.08835539,2.405531,0
1363.641,3000,263.6735,0.119931,2.1907,0
2272.734,3045.453,263.6735,0.06096537,2.369289,0
2000,3090.906,263.6735,0.04889692,2.284378,0
681.8125,3136.359,263.6735,-0.03838725,2.928748,0
272.7344,3318.188,263.6735,-0.1630349,2.072006,0
1090.906,3363.641,263.6735,0.06011716,2.189665,0
1545.453,3363.641,263.6735,0.07825987,2.355954,0
1954.547,3363.641,263.6735,-0.06898291,2.423291,0
2681.813,3363.641,263.6735,0.03089559,2.776713,0
4000,3636.359,263.6735,0.06346661,2.123379,0
1318.188,3681.813,263.6735,0.08970714,2.228845,0
3000,3727.266,263.6735,0.0983925,2.016809,0
2318.188,3818.188,263.6735,-0.2061763,2.890951,0
500,4090.906,263.6735,-0.2681133,2.332943,0
3272.734,4090.906,263.6735,0.2610909,2.274714,0
3954.547,4136.359,263.6735,0.2236397,2.206667,0
3500,4272.734,263.6735,0.291984,2.285733,0
2409.094,227.2656,255.9184,0.005799355,2.473816,0
2272.734,409.0938,255.9184,-0.007582886,2.282087,0
3181.813,409.0938,255.9184,-0.009012518,1.984532,0
590.9063,954.5469,255.9184,-0.121144,2.180047,0
2636.359,1363.641,255.9184,-0.08375137,2.342395,0
3090.906,1863.641,255.9184,-0.2750478,2.296775,0
1590.906,2045.453,255.9184,0.07794123,2.325762,0
772.7344,2090.906,255.9184,-0.2323122,2.468979,0
2045.453,2363.641,255.9184,-0.07676424,2.380163,0
818.1875,2409.094,255.9184,-0.145778,2.155803,0
2772.734,2409.094,255.9184,0.02730468,2.29464,0
1409.094,2454.547,255.9184,0.1562936,2.328132,0
1772.734,2545.453,255.9184,0.1209248,2.412404,0
2454.547,2681.813,255.9184,-0.07928839,2.27498,0
1090.906,2818.188,255.9184,0.08432881,2.257664,0
1681.813,2863.641,255.9184,0.110386,2.162832,0
2772.734,2863.641,255.9184,-0.07004008,2.500143,0
3318.188,2909.094,255.9184,-0.08652176,2.411539,0
1363.641,3000,255.9184,0.1204726,2.18198,0
2272.734,3045.453,255.9184,0.06242267,2.356005,0
2000,3090.906,255.9184,0.04975875,2.271561,0
681.8125,3136.359,255.9184,-0.03565033,2.919509,0
272.7344,3318.188,255.9184,-0.1602842,2.076616,0
1090.906,3363.641,255.9184,0.06217146,2.186132,0
1545.453,3363.641,255.9184,0.0790134,2.342243,0
1954.547,3363.641,255.9184,-0.06790462,2.41112,0
2681.813,3363.641,255.9184,0.03252133,2.755048,0
4000,3636.359,255.9184,0.0659454,2.122263,0
1318.188,3681.813,255.9184,0.0921019,2.224013,0
3000,3727.266,255.9184,0.09986247,2.011961,0
2318.188,3818.188,255.9184,-0.2039358,2.884777,0
500,4090.906,255.9184,-0.2651472,2.330988,0
3272.734,4090.906,255.9184,0.2643555,2.268354,0
3954.547,4136.359,255.9184,0.2257,2.206066,0
3500,4272.734,255.9184,0.2950176,2.282699,0
2409.094,227.2656,248.1633,0.009726288,2.469673,0
2272.734,409.0938,248.1633,-0.003520263,2.284555,0
3181.813,409.0938,248.1633,-0.004760711,1.987193,0
590.9063,954.5469,248.1633,-0.1167782,2.17457,0
2636.359,1363.641,248.1633,-0.07961012,2.339095,0
3090.906,1863.641,248.1633,-0.2702682,2.304182,0
1590.906,2045.453,248.1633,0.08061486,2.297539,0
772.7344,2090.906,248.1633,-0.2268003,2.4481,0
2045.453,2363.641,248.1633,-0.07424852,2.366461,0
818.1875,2409.094,248.1633,-0.142667,2.152502,0
2772.734,2409.094,248.1633,0.03005118,2.286747,0
1409.094,2454.547,248.1633,0.1584256,2.308087,0
1772.734,2545.453,248.1633,0.1221209,2.38576,0
2454.547,2681.813,248.1633,-0.07729499,2.260885,0
1090.906,2818.188,248.1633,0.08739399,2.242942,0
1681.813,2863.641,248.1633,0.1119758,2.149573,0
2772.734,2863.641,248.1633,-0.06737006,2.481152,0
3318.188,2909.094,248.1633,-0.08311549,2.421911,0
1363.641,3000,248.1633,0.1211027,2.169211,0
2272.734,3045.453,248.1633,0.06418475,2.33707,0
2000,3090.906,248.1633,0.05388446,2.248723,0
681.8125,3136.359,248.1633,-0.03079508,2.913489,0
272.7344,3318.188,248.1633,-0.1560747,2.091093,0
1090.906,3363.641,248.1633,0.06519059,2.174119,0
1545.453,3363.641,248.1633,0.08161189,2.320871,0
1954.547,3363.641,248.1633,-0.06647314,2.395852,0
2681.813,3363.641,248.1633,0.03491621,2.718876,0
4000,3636.359,248.1633,0.06967016,2.122088,0
1318.188,3681.813,248.1633,0.09628855,2.215533,0
3000,3727.266,248.1633,0.1012985,2.005866,0
2318.188,3818.188,248.1633,-0.1991355,2.872107,0
500,4090.906,248.1633,-0.2614756,2.334244,0
3272.734,4090.906,248.1633,0.2698017,2.256395,0
3954.547,4136.359,248.1633,0.2281741,2.207109,0
3500,4272.734,248.1633,0.2997274,2.277206,0
2409.094,227.2656,240.4082,0.01334696,2.45922,0
2272.734,409.0938,240.4082,0.00017065,2.278677,0
3181.813,409.0938,240.4082,-0.000742002,1.988552,0
590.9063,954.5469,240.4082,-0.1151632,2.171469,0
2636.359,1363.641,240.4082,-0.07464258,2.329744,0
3090.906,1863.641,240.4082,-0.2694887,2.308638,0
1590.906,2045.453,240.4082,0.08726943,2.27617,0
772.7344,2090.906,240.4082,-0.2228716,2.441016,0
2045.453,2363.641,240.4082,-0.07664894,2.361397,0
818.1875,2409.094,240.4082,-0.1403268,2.144562,0
2772.734,2409.094,240.4082,0.0371683,2.280957,0
1409.094,2454.547,240.4082,0.1617242,2.29908,0
1772.734,2545.453,240.4082,0.1240074,2.370918,0
2454.547,2681.813,240.4082,-0.07814637,2.256871,0
1090.906,2818.188,240.4082,0.0899009,2.234995,0
1681.813,2863.641,240.4082,0.1139732,2.134577,0
2772.734,2863.641,240.4082,-0.06602129,2.46456,0
3318.188,2909.094,240.4082,-0.08007236,2.428007,0
1363.641,3000,240.4082,0.1249934,2.147884,0
2272.734,3045.453,240.4082,0.06805263,2.312062,0
2000,3090.906,240.4082,0.05496357,2.228741,0
681.8125,3136.359,240.4082,-0.02563368,2.907603,0
272.7344,3318.188,240.4082,-0.1505127,2.088171,0
1090.906,3363.641,240.4082,0.0688321,2.168217,0
1545.453,3363.641,240.4082,0.08127128,2.298908,0
1954.547,3363.641,240.4082,-0.0654061,2.370079,0
2681.813,3363.641,240.4082,0.03910511,2.685991,0
4000,3636.359,240.4082,0.07437896,2.114899,0
1318.188,3681.813,240.4082,0.1016521,2.201737,0
3000,3727.266,240.4082,0.1062958,1.985334,0
2318.188,3818.188,240.4082,-0.1958617,2.863265,0
500,4090.906,240.4082,-0.2573927,2.319288,0
3272.734,4090.906,240.4082,0.2769512,2.248679,0
3954.547,4136.359,240.4082,0.233074,2.19874,0
3500,4272.734,240.4082,0.305358,2.272017,0
2409.094,227.2656,232.6531,0.01685521,2.458384,0
2272.734,409.0938,232.6531,0.003455969,2.281232,0
3181.813,409.0938,232.6531,0.003195198,1.998767,0
590.9063,954.5469,232.6531,-0.1110355,2.168036,0
2636.359,1363.641,232.6531,-0.07208851,2.32758,0
3090.906,1863.641,232.6531,-0.2642727,2.312215,0
1590.906,2045.453,232.6531,0.08592384,2.25678,0
772.7344,2090.906,232.6531,-0.2184214,2.425169,0
2045.453,2363.641,232.6531,-0.07225901,2.346855,0
818.1875,2409.094,232.6531,-0.135946,2.144381,0
2772.734,2409.094,232.6531,0.03838618,2.275622,0
1409.094,2454.547,232.6531,0.1623206,2.279469,0
1772.734,2545.453,232.6531,0.1251462,2.34979,0
2454.547,2681.813,232.6531,-0.07450402,2.242997,0
1090.906,2818.188,232.6531,0.09244867,2.225777,0
1681.813,2863.641,232.6531,0.1159404,2.125917,0
2772.734,2863.641,232.6531,-0.0633854,2.451265,0
3318.188,2909.094,232.6531,-0.07687664,2.435925,0
1363.641,3000,232.6531,0.1245271,2.14303,0
2272.734,3045.453,232.6531,0.06942979,2.298599,0
2000,3090.906,232.6531,0.05820736,2.214418,0
681.8125,3136.359,232.6531,-0.02206562,2.894245,0
272.7344,3318.188,232.6531,-0.1469532,2.105749,0
1090.906,3363.641,232.6531,0.07096507,2.159003,0
1545.453,3363.641,232.6531,0.08478446,2.283934,0
1954.547,3363.641,232.6531,-0.06270888,2.361732,0
2681.813,3363.641,232.6531,0.0409816,2.658393,0
4000,3636.359,232.6531,0.07678869,2.117736,0
1318.188,3681.813,232.6531,0.1049579,2.199621,0
3000,3727.266,232.6531,0.1078573,1.987816,0
2318.188,3818.188,232.6531,-0.1920969,2.851169,0
500,4090.906,232.6531,-0.253736,2.328238,0
3272.734,4090.906,232.6531,0.2802757,2.241288,0
3954.547,4136.359,232.6531,0.2337154,2.205207,0
3500,4272.734,232.6531,0.3083818,2.269946,0
2409.094,227.2656,224.8979,0.02230531,2.445464,0
2272.734,409.0938,224.8979,0.009116815,2.275978,0
3181.813,409.0938,224.8979,0.009305971,1.998898,0
590.9063,954.5469,224.8979,-0.106638,2.162943,0
2636.359,1363.641,224.8979,-0.06591657,2.319534,0
3090.906,1863.641,224.8979,-0.2597583,2.315965,0
1590.906,2045.453,224.8979,0.09168139,2.224953,0
772.7344,2090.906,224.8979,-0.2131111,2.408396,0
2045.453,2363.641,224.8979,-0.07039274,2.335036,0
818.1875,2409.094,224.8979,-0.1321122,2.136556,0
2772.734,2409.094,224.8979,0.04557234,2.265363,0
1409.094,2454.547,224.8979,0.1663138,2.258241,0
1772.734,2545.453,224.8979,0.127599,2.326329,0
2454.547,2681.813,224.8979,-0.07292815,2.233113,0
1090.906,2818.188,224.8979,0.09722935,2.211076,0
1681.813,2863.641,224.8979,0.1194016,2.108206,0
2772.734,2863.641,224.8979,-0.05979311,2.426839,0
3318.188,2909.094,224.8979,-0.07203944,2.443051,0
1363.641,3000,224.8979,0.1287148,2.124904,0
2272.734,3045.453,224.8979,0.07446703,2.269137,0
2000,3090.906,224.8979,0.06189418,2.190007,0
681.8125,3136.359,224.8979,-0.01482765,2.881565,0
272.7344,3318.188,224.8979,-0.1390164,2.113253,0
1090.906,3363.641,224.8979,0.07565452,2.14835,0
1545.453,3363.641,224.8979,0.08728418,2.258269,0
1954.547,3363.641,224.8979,-0.05991082,2.338372,0
2681.813,3363.641,224.8979,0.04639786,2.61423,0
4000,3636.359,224.8979,0.08300701,2.113721,0
1318.188,3681.813,224.8979,0.1095317,2.182375,0
3000,3727.266,224.8979,0.1126492,1.970829,0
2318.188,3818.188,224.8979,-0.186541,2.837122,0
500,4090.906,224.8979,-0.247754,2.320729,0
3272.734,4090.906,224.8979,0.2881248,2.22867,0
3954.547,4136.359,224.8979,0.237621,2.201885,0
3500,4272.734,224.8979,0.3146406,2.262835,0
2409.094,227.2656,217.1429,0.02579503,2.437966,0
2272.734,409.0938,217.1429,0.01256789,2.272218,0
3181.813,409.0938,217.1429,0.0131256,2.001747,0
590.9063,954.5469,217.1429,-0.1043962,2.160083,0
2636.359,1363.641,217.1429,-0.06211996,2.313509,0
3090.906,1863.641,217.1429,-0.2575075,2.317911,0
1590.906,2045.453,217.1429,0.09567495,2.207399,0
772.7344,2090.906,217.1429,-0.2094842,2.399125,0
2045.453,2363.641,217.1429,-0.07017797,2.328227,0
818.1875,2409.094,217.1429,-0.1292453,2.131213,0
2772.734,2409.094,217.1429,0.05023856,2.259844,0
1409.094,2454.547,217.1429,0.1695499,2.247926,0
1772.734,2545.453,217.1429,0.1300073,2.311644,0
2454.547,2681.813,217.1429,-0.07221249,2.226943,0
1090.906,2818.188,217.1429,0.09971336,2.204367,0
1681.813,2863.641,217.1429,0.1215423,2.09866,0
2772.734,2863.641,217.1429,-0.05789939,2.414329,0
3318.188,2909.094,217.1429,-0.06913359,2.447729,0
1363.641,3000,217.1429,0.1314653,2.111898,0
2272.734,3045.453,217.1429,0.0781199,2.251161,0
2000,3090.906,217.1429,0.06396618,2.175853,0
681.8125,3136.359,217.1429,-0.01076056,2.879523,0
272.7344,3318.188,217.1429,-0.1357087,2.114031,0
1090.906,3363.641,217.1429,0.07894566,2.140974,0
1545.453,3363.641,217.1429,0.08832599,2.241578,0
1954.547,3363.641,217.1429,-0.05773948,2.320393,0
2681.813,3363.641,217.1429,0.04953436,2.590794,0
4000,3636.359,217.1429,0.08587818,2.110109,0
1318.188,3681.813,217.1429,0.1138194,2.176124,0
3000,3727.266,217.1429,0.1168105,1.960118,0
2318.188,3818.188,217.1429,-0.1831522,2.826348,0
500,4090.906,217.1429,-0.2442047,2.314456,0
3272.734,4090.906,217.1429,0.2929699,2.221947,0
3954.547,4136.359,217.1429,0.2405644,2.198857,0
3500,4272.734,217.1429,0.3184761,2.260025,0
2409.094,227.2656,209.3878,0.03224165,2.428886,0
2272.734,409.0938,209.3878,0.01880937,2.271913,0
3181.813,409.0938,209.3878,0.01913302,2.00366,0
590.9063,954.5469,209.3878,-0.0979849,2.155397,0
2636.359,1363.641,209.3878,-0.05705574,2.306914,0
3090.906,1863.641,209.3878,-0.2507688,2.32008,0
1590.906,2045.453,209.3878,0.09978723,2.179803,0
772.7344,2090.906,209.3878,-0.2026766,2.374956,0
2045.453,2363.641,209.3878,-0.06557828,2.311094,0
818.1875,2409.094,209.3878,-0.1243318,2.12716,0
2772.734,2409.094,209.3878,0.05473641,2.246576,0
1409.094,2454.547,209.3878,0.1733175,2.225291,0
1772.734,2545.453,209.3878,0.1331399,2.28409,0
2454.547,2681.813,209.3878,-0.06678101,2.20969,0
1090.906,2818.188,209.3878,0.1053786,2.186472,0
1681.813,2863.641,209.3878,0.1253537,2.08544,0
2772.734,2863.641,209.3878,-0.05318148,2.393373,0
3318.188,2909.094,209.3878,-0.06390975,2.452406,0
1363.641,3000,209.3878,0.1339622,2.100577,0
2272.734,3045.453,209.3878,0.08131874,2.232359,0
2000,3090.906,209.3878,0.06973018,2.154147,0
681.8125,3136.359,209.3878,-0.004833518,2.863276,0
272.7344,3318.188,209.3878,-0.129916,2.131791,0
1090.906,3363.641,209.3878,0.08398096,2.130286,0
1545.453,3363.641,209.3878,0.0930308,2.220308,0
1954.547,3363.641,209.3878,-0.05345227,2.303683,0
2681.813,3363.641,209.3878,0.05383199,2.55394,0
4000,3636.359,209.3878,0.09043081,2.110954,0
1318.188,3681.813,209.3878,0.1191372,2.168335,0
3000,3727.266,209.3878,0.1202461,1.957783,0
2318.188,3818.188,209.3878,-0.1773628,2.807615,0
500,4090.906,209.3878,-0.2395361,2.318747,0
3272.734,4090.906,209.3878,0.3000858,2.210565,0
3954.547,4136.359,209.3878,0.2429534,2.202259,0
3500,4272.734,209.3878,0.3234583,2.254833,0
2409.094,227.2656,201.6327,0.03811531,2.415712,0
2272.734,409.0938,201.6327,0.02526024,2.26115,0
3181.813,409.0938,201.6327,0.02613777,2.001591,0
590.9063,954.5469,201.6327,-0.09612882,2.150947,0
2636.359,1363.641,201.6327,-0.05011259,2.292876,0
3090.906,1863.641,201.6327,-0.2478501,2.32086,0
1590.906,2045.453,201.6327,0.1075046,2.152245,0
772.7344,2090.906,201.6327,-0.1971604,2.36497,0
2045.453,2363.641,201.6327,-0.06499593,2.306185,0
818.1875,2409.094,201.6327,-0.1205272,2.117005,0
2772.734,2409.094,201.6327,0.06378987,2.239291,0
1409.094,2454.547,201.6327,0.1799254,2.209499,0
1772.734,2545.453,201.6327,0.1374475,2.26549,0
2454.547,2681.813,201.6327,-0.06675443,2.203871,0
1090.906,2818.188,201.6327,0.1106861,2.175361,0
1681.813,2863.641,201.6327,0.1310381,2.068949,0
2772.734,2863.641,201.6327,-0.04954062,2.370305,0
3318.188,2909.094,201.6327,-0.05862769,2.457282,0
1363.641,3000,201.6327,0.1407395,2.079584,0
2272.734,3045.453,201.6327,0.08857372,2.202599,0
2000,3090.906,201.6327,0.07510655,2.131799,0
681.8125,3136.359,201.6327,0.003355281,2.847794,0
272.7344,3318.188,201.6327,-0.1230035,2.127784,0
1090.906,3363.641,201.6327,0.08936823,2.120391,0
1545.453,3363.641,201.6327,0.09519538,2.196378,0
1954.547,3363.641,201.6327,-0.05078216,2.278725,0
2681.813,3363.641,201.6327,0.06051511,2.510985,0
4000,3636.359,201.6327,0.09603956,2.103994,0
1318.188,3681.813,201.6327,0.1267216,2.15405,0
3000,3727.266,201.6327,0.1283567,1.938201,0
2318.188,3818.188,201.6327,-0.1722716,2.790196,0
500,4090.906,201.6327,-0.2346069,2.306107,0
3272.734,4090.906,201.6327,0.3086557,2.20216,0
3954.547,4136.359,201.6327,0.2475816,2.194093,0
3500,4272.734,201.6327,0.3298891,2.248514,0
2409.094,227.2656,193.8775,0.04298493,2.408225,0
2272.734,409.0938,193.8775,0.02967435,2.26005,0
3181.813,409.0938,193.8775,0.03098632,2.005161,0
590.9063,954.5469,193.8775,-0.09134234,2.148662,0
2636.359,1363.641,193.8775,-0.04689084,2.287937,0
3090.906,1863.641,193.8775,-0.2423225,2.319729,0
1590.906,2045.453,193.8775,0.1085305,2.136103,0
772.7344,2090.906,193.8775,-0.1932368,2.34938,0
2045.453,2363.641,193.8775,-0.05978593,2.292585,0
818.1875,2409.094,193.8775,-0.1160763,2.114144,0
2772.734,2409.094,193.8775,0.0667493,2.23087,0
1409.094,2454.547,193.8775,0.1821739,2.192842,0
1772.734,2545.453,193.8775,0.1409003,2.246501,0
2454.547,2681.813,193.8775,-0.06162903,2.189263,0
1090.906,2818.188,193.8775,0.1149507,2.164005,0
1681.813,2863.641,193.8775,0.1343093,2.060334,0
2772.734,2863.641,193.8775,-0.04574451,2.355368,0
3318.188,2909.094,193.8775,-0.05442546,2.458375,0
1363.641,3000,193.8775,0.1421995,2.073184,0
2272.734,3045.453,193.8775,0.09146686,2.189975,0
2000,3090.906,193.8775,0.07858123,2.118961,0
681.8125,3136.359,193.8775,0.008108201,2.832983,0
272.7344,3318.188,193.8775,-0.1173214,2.144873,0
1090.906,3363.641,193.8775,0.0927363,2.113124,0
1545.453,3363.641,193.8775,0.1000842,2.183086,0
1954.547,3363.641,193.8775,-0.04725014,2.26919,0
2681.813,3363.641,193.8775,0.06432054,2.486136,0
4000,3636.359,193.8775,0.09859604,2.104676,0
1318.188,3681.813,193.8775,0.1290769,2.146693,0
3000,3727.266,193.8775,0.1317356,1.939026,0
2318.188,3818.188,193.8775,-0.1677688,2.776732,0
500,4090.906,193.8775,-0.2305984,2.309747,0
3272.734,4090.906,193.8775,0.3123872,2.193514,0
3954.547,4136.359,193.8775,0.2486682,2.197676,0
3500,4272.734,193.8775,0.3329414,2.246643,0
2409.094,227.2656,186.1225,0.0516635,2.393076,0
2272.734,409.0938,186.1225,0.03864468,2.25112,0
3181.813,409.0938,186.1225,0.04012228,2.005252,0
590.9063,954.5469,186.1225,-0.08532195,2.143667,0
2636.359,1363.641,186.1225,-0.03888375,2.274488,0
3090.906,1863.641,186.1225,-0.2354774,2.317824,0
1590.906,2045.453,186.1225,0.1163012,2.104956,0
772.7344,2090.906,186.1225,-0.185546,2.328298,0
2045.453,2363.641,186.1225,-0.05515625,2.278745,0
818.1875,2409.094,186.1225,-0.1097911,2.105027,0
2772.734,2409.094,186.1225,0.07564063,2.217567,0
1409.094,2454.547,186.1225,0.1895117,2.169251,0
1772.734,2545.453,186.1225,0.1467208,2.220035,0
2454.547,2681.813,186.1225,-0.05722533,2.175003,0
1090.906,2818.188,186.1225,0.1227785,2.147155,0
1681.813,2863.641,186.1225,0.1414986,2.043569,0
2772.734,2863.641,186.1225,-0.03976671,2.329349,0
3318.188,2909.094,186.1225,-0.04712863,2.461371,0
1363.641,3000,186.1225,0.1488226,2.055974,0
2272.734,3045.453,186.1225,0.09869358,2.163271,0
2000,3090.906,186.1225,0.08628549,2.094151,0
681.8125,3136.359,186.1225,0.01794172,2.812492,0
272.7344,3318.188,186.1225,-0.1094158,2.154211,0
1090.906,3363.641,186.1225,0.100319,2.100593,0
1545.453,3363.641,186.1225,0.1058335,2.156702,0
1954.547,3363.641,186.1225,-0.04152109,2.245146,0
2681.813,3363.641,186.1225,0.07218489,2.439441,0
4000,3636.359,186.1225,0.1046109,2.101037,0
1318.188,3681.813,186.1225,0.1369043,2.133485,0
3000,3727.266,186.1225,0.1396539,1.92845,0
2318.188,3818.188,186.1225,-0.1605843,2.750923,0
500,4090.906,186.1225,-0.2239781,2.304595,0
3272.734,4090.906,186.1225,0.321831,2.181876,0
3954.547,4136.359,186.1225,0.2528117,2.195347,0
3500,4272.734,186.1225,0.3391683,2.240536,0
2409.094,227.2656,178.3673,0.05719891,2.382578,0
2272.734,409.0938,178.3673,0.04483183,2.241657,0
3181.813,409.0938,178.3673,0.04640498,2.002253,0
590.9063,954.5469,178.3673,-0.08295882,2.140083,0
2636.359,1363.641,178.3673,-0.03316368,2.264943,0
3090.906,1863.641,178.3673,-0.2329394,2.317111,0
1590.906,2045.453,178.3673,0.1243457,2.085254,0
772.7344,2090.906,178.3673,-0.1803889,2.319285,0
2045.453,2363.641,178.3673,-0.0546626,2.275853,0
818.1875,2409.094,178.3673,-0.1064205,2.096919,0
2772.734,2409.094,178.3673,0.08324313,2.21022,0
1409.094,2454.547,178.3673,0.1960293,2.158972,0
1772.734,2545.453,178.3673,0.1502142,2.206302,0
2454.547,2681.813,178.3673,-0.05638398,2.170149,0
1090.906,2818.188,178.3673,0.1280891,2.138017,0
1681.813,2863.641,178.3673,0.1465811,2.032258,0
2772.734,2863.641,178.3673,-0.03581062,2.310231,0
3318.188,2909.094,178.3673,-0.04239912,2.46361,0
1363.641,3000,178.3673,0.1556512,2.041623,0
2272.734,3045.453,178.3673,0.10469,2.142507,0
2000,3090.906,178.3673,0.09144901,2.079316,0
681.8125,3136.359,178.3673,0.02466074,2.8036,0
272.7344,3318.188,178.3673,-0.1049526,2.149736,0
1090.906,3363.641,178.3673,0.105725,2.092107,0
1545.453,3363.641,178.3673,0.1075416,2.139704,0
1954.547,3363.641,178.3673,-0.03836353,2.226366,0
2681.813,3363.641,178.3673,0.07770567,2.410101,0
4000,3636.359,178.3673,0.1094413,2.096051,0
1318.188,3681.813,178.3673,0.1437599,2.124617,0
3000,3727.266,178.3673,0.1459646,1.914023,0
2318.188,3818.188,178.3673,-0.1565856,2.734603,0
500,4090.906,178.3673,-0.2206888,2.295508,0
3272.734,4090.906,178.3673,0.3292755,2.176679,0
3954.547,4136.359,178.3673,0.2564676,2.189294,0
3500,4272.734,178.3673,0.3437972,2.234882,0
2409.094,227.2656,170.6123,0.06582958,2.370775,0
2272.734,409.0938,170.6123,0.05216996,2.238516,0
3181.813,409.0938,170.6123,0.05411179,2.004559,0
590.9063,954.5469,170.6123,-0.07447933,2.136976,0
2636.359,1363.641,170.6123,-0.02767546,2.258612,0
3090.906,1863.641,170.6123,-0.2247081,2.312038,0
1590.906,2045.453,170.6123,0.1292903,2.061573,0
772.7344,2090.906,170.6123,-0.173554,2.296145,0
2045.453,2363.641,170.6123,-0.0465968,2.255649,0
818.1875,2409.094,170.6123,-0.09935413,2.091306,0
2772.734,2409.094,170.6123,0.08865848,2.195401,0
1409.094,2454.547,170.6123,0.2012396,2.135804,0
1772.734,2545.453,170.6123,0.1558853,2.180469,0
2454.547,2681.813,170.6123,-0.0474637,2.148538,0
1090.906,2818.188,170.6123,0.1357606,2.12091,0
1681.813,2863.641,170.6123,0.152563,2.020375,0
2772.734,2863.641,170.6123,-0.0293381,2.289257,0
3318.188,2909.094,170.6123,-0.03550526,2.460411,0
1363.641,3000,170.6123,0.1603198,2.0318,0
2272.734,3045.453,170.6123,0.1094392,2.12504,0
2000,3090.906,170.6123,0.09826902,2.060027,0
681.8125,3136.359,170.6123,0.0325467,2.786625,0
272.7344,3318.188,170.6123,-0.0977193,2.170918,0
1090.906,3363.641,170.6123,0.1124595,2.082695,0
1545.453,3363.641,170.6123,0.1157152,2.120901,0
1954.547,3363.641,170.6123,-0.03135978,2.210454,0
2681.813,3363.641,170.6123,0.0847093,2.376963,0
4000,3636.359,170.6123,0.1141299,2.096561,0
1318.188,3681.813,170.6123,0.1494697,2.115847,0
3000,3727.266,170.6123,0.1514471,1.912277,0
2318.188,3818.188,170.6123,-0.1489642,2.709515,0
500,4090.906,170.6123,-0.2145634,2.298867,0
3272.734,4090.906,170.6123,0.3364537,2.166476,0
3954.547,4136.359,170.6123,0.2589769,2.192062,0
3500,4272.734,170.6123,0.3484547,2.230603,0
2409.094,227.2656,162.8571,0.07570534,2.352252,0
2272.734,409.0938,162.8571,0.06262212,2.222103,0
3181.813,409.0938,162.8571,0.065213,2.001607,0
590.9063,954.5469,162.8571,-0.06996521,2.132165,0
2636.359,1363.641,162.8571,-0.01841624,2.240672,0
3090.906,1863.641,162.8571,-0.2187816,2.306217,0
1590.906,2045.453,162.8571,0.1398675,2.034112,0
772.7344,2090.906,162.8571,-0.1657047,2.280653,0
2045.453,2363.641,162.8571,-0.04284135,2.249222,0
818.1875,2409.094,162.8571,-0.09238036,2.079011,0
2772.734,2409.094,162.8571,0.101072,2.183261,0
1409.094,2454.547,162.8571,0.2115516,2.115212,0
1772.734,2545.453,162.8571,0.1639722,2.157395,0
2454.547,2681.813,162.8571,-0.04505309,2.139655,0
1090.906,2818.188,162.8571,0.1455522,2.106713,0
1681.813,2863.641,162.8571,0.162232,2.004001,0
2772.734,2863.641,162.8571,-0.02226986,2.25965,0
3318.188,2909.094,162.8571,-0.02695365,2.463081,0
1363.641,3000,162.8571,0.1707695,2.012968,0
2272.734,3045.453,162.8571,0.120526,2.094568,0
2000,3090.906,162.8571,0.1069712,2.039411,0
681.8125,3136.359,162.8571,0.04448105,2.764082,0
272.7344,3318.188,162.8571,-0.08860205,2.172446,0
1090.906,3363.641,162.8571,0.1214943,2.069638,0
1545.453,3363.641,162.8571,0.1209142,2.096222,0
1954.547,3363.641,162.8571,-0.02521257,2.184952,0
2681.813,3363.641,162.8571,0.09471871,2.33104,0
4000,3636.359,162.8571,0.1204376,2.090704,0
1318.188,3681.813,162.8571,0.1581869,2.100991,0
3000,3727.266,162.8571,0.1640723,1.896655,0
2318.188,3818.188,162.8571,-0.1413055,2.681542,0
500,4090.906,162.8571,-0.2078177,2.286691,0
3272.734,4090.906,162.8571,0.3476529,2.156137,0
3954.547,4136.359,162.8571,0.263438,2.186291,0
3500,4272.734,162.8571,0.3556668,2.224683,0
2409.094,227.2656,155.1021,0.08250099,2.342427,0
2272.734,409.0938,155.1021,0.06877258,2.216086,0
3181.813,409.0938,155.1021,0.07116891,1.999225,0
590.9063,954.5469,155.1021,-0.06506635,2.130209,0
2636.359,1363.641,155.1021,-0.01361097,2.23245,0
3090.906,1863.641,155.1021,-0.2132221,2.301284,0
1590.906,2045.453,155.1021,0.1442131,2.019157,0
772.7344,2090.906,155.1021,-0.160833,2.267592,0
2045.453,2363.641,155.1021,-0.03653012,2.237422,0
818.1875,2409.094,155.1021,-0.08787861,2.073498,0
2772.734,2409.094,155.1021,0.1064434,2.173597,0
1409.094,2454.547,155.1021,0.2163471,2.101281,0
1772.734,2545.453,155.1021,0.168377,2.141058,0
2454.547,2681.813,155.1021,-0.03920528,2.126008,0
1090.906,2818.188,155.1021,0.1518072,2.095286,0
1681.813,2863.641,155.1021,0.1677774,1.995212,0
2772.734,2863.641,155.1021,-0.01722574,2.243051,0
3318.188,2909.094,155.1021,-0.02165335,2.459052,0
1363.641,3000,155.1021,0.17603,2.005804,0
2272.734,3045.453,155.1021,0.1255614,2.080342,0
2000,3090.906,155.1021,0.1131372,2.026316,0
681.8125,3136.359,155.1021,0.05084846,2.745277,0
272.7344,3318.188,155.1021,-0.082396,2.183715,0
1090.906,3363.641,155.1021,0.1268978,2.063191,0
1545.453,3363.641,155.1021,0.1277451,2.084187,0
1954.547,3363.641,155.1021,-0.0204796,2.174455,0
2681.813,3363.641,155.1021,0.1006737,2.307391,0
4000,3636.359,155.1021,0.1244313,2.089969,0
1318.188,3681.813,155.1021,0.163064,2.092603,0
3000,3727.266,155.1021,0.1693668,1.892729,0
2318.188,3818.188,155.1021,-0.1358015,2.662575,0
500,4090.906,155.1021,-0.2040425,2.287212,0
3272.734,4090.906,155.1021,0.353452,2.150083,0
3954.547,4136.359,155.1021,0.2654151,2.186375,0
3500,4272.734,155.1021,0.3592047,2.220824,0
2409.094,227.2656,147.3469,0.09519288,2.325492,0
2272.734,409.0938,147.3469,0.08010304,2.20387,0
3181.813,409.0938,147.3469,0.08303034,1.997406,0
590.9063,954.5469,147.3469,-0.0564447,2.125799,0
2636.359,1363.641,147.3469,-0.004599093,2.214839,0
3090.906,1863.641,147.3469,-0.2042276,2.291089,0
1590.906,2045.453,147.3469,0.1549887,1.991212,0
772.7344,2090.906,147.3469,-0.1512195,2.24461,0
2045.453,2363.641,147.3469,-0.02803014,2.222002,0
818.1875,2409.094,147.3469,-0.07854006,2.061956,0
2772.734,2409.094,147.3469,0.1170894,2.157483,0
1409.094,2454.547,147.3469,0.2282374,2.07537,0
1772.734,2545.453,147.3469,0.1787204,2.112675,0
2454.547,2681.813,147.3469,-0.02994643,2.10384,0
1090.906,2818.188,147.3469,0.1633012,2.075984,0
1681.813,2863.641,147.3469,0.1789517,1.98017,0
2772.734,2863.641,147.3469,-0.008304087,2.215595,0
3318.188,2909.094,147.3469,-0.01156744,2.45392,0
1363.641,3000,147.3469,0.1859864,1.990505,0
2272.734,3045.453,147.3469,0.1353093,2.055642,0
2000,3090.906,147.3469,0.1247184,2.003866,0
681.8125,3136.359,147.3469,0.06298044,2.717693,0
272.7344,3318.188,147.3469,-0.07345699,2.199053,0
1090.906,3363.641,147.3469,0.1375947,2.05001,0
1545.453,3363.641,147.3469,0.1378669,2.061842,0
1954.547,3363.641,147.3469,-0.01156555,2.152489,0
2681.813,3363.641,147.3469,0.1119099,2.264983,0
4000,3636.359,147.3469,0.130235,2.087281,0
1318.188,3681.813,147.3469,0.1736828,2.082339,0
3000,3727.266,147.3469,0.1811187,1.888653,0
2318.188,3818.188,147.3469,-0.1269446,2.62823,0
500,4090.906,147.3469,-0.1971764,2.284673,0
3272.734,4090.906,147.3469,0.3642698,2.140907,0
3954.547,4136.359,147.3469,0.2695962,2.184496,0
3500,4272.734,147.3469,0.3655419,2.216084,0
2409.094,227.2656,139.5918,0.1044353,2.307576,0
2272.734,409.0938,139.5918,0.0902758,2.187566,0
3181.813,409.0938,139.5918,0.09267345,1.987871,0
590.9063,954.5469,139.5918,-0.05180098,2.121404,0
2636.359,1363.641,139.5918,0.003571944,2.198379,0
3090.906,1863.641,139.5918,-0.2000064,2.284196,0
1590.906,2045.453,139.5918,0.1681405,1.970038,0
772.7344,2090.906,139.5918,-0.144445,2.231401,0
2045.453,2363.641,139.5918,-0.02606624,2.222762,0
818.1875,2409.094,139.5918,-0.07396066,2.051046,0
2772.734,2409.094,139.5918,0.1295149,2.144662,0
1409.094,2454.547,139.5918,0.2393376,2.061305,0
1772.734,2545.453,139.5918,0.1862178,2.095914,0
2454.547,2681.813,139.5918,-0.02804234,2.098287,0
1090.906,2818.188,139.5918,0.1732359,2.063453,0
1681.813,2863.641,139.5918,0.1881695,1.96717,0
2772.734,2863.641,139.5918,-0.001554771,2.190278,0
3318.188,2909.094,139.5918,-0.00388865,2.452492,0
1363.641,3000,139.5918,0.1981041,1.974329,0
2272.734,3045.453,139.5918,0.1452046,2.034946,0
2000,3090.906,139.5918,0.1338834,1.988912,0
681.8125,3136.359,139.5918,0.0737608,2.698881,0
272.7344,3318.188,139.5918,-0.06555657,2.199584,0
1090.906,3363.641,139.5918,0.1459792,2.038499,0
1545.453,3363.641,139.5918,0.1419699,2.042641,0
1954.547,3363.641,139.5918,-0.005824206,2.130885,0
2681.813,3363.641,139.5918,0.1215329,2.230279,0
4000,3636.359,139.5918,0.1359859,2.081613,0
1318.188,3681.813,139.5918,0.1816753,2.068969,0
3000,3727.266,139.5918,0.1918452,1.876601,0
2318.188,3818.188,139.5918,-0.1201199,2.60126,0
500,4090.906,139.5918,-0.1926765,2.271574,0
3272.734,4090.906,139.5918,0.3752366,2.133547,0
3954.547,4136.359,139.5918,0.2737133,2.178699,0
3500,4272.734,139.5918,0.3710321,2.210339,0
2409.094,227.2656,131.8367,0.1154289,2.294368,0
2272.734,409.0938,131.8367,0.0987452,2.180997,0
3181.813,409.0938,131.8367,0.1019198,1.986403,0
590.9063,954.5469,131.8367,-0.04378419,2.119874,0
2636.359,1363.641,131.8367,0.009504082,2.190298,0
3090.906,1863.641,131.8367,-0.1906671,2.272719,0
1590.906,2045.453,131.8367,0.17262,1.954246,0
772.7344,2090.906,131.8367,-0.1375928,2.21208,0
2045.453,2363.641,131.8367,-0.01332147,2.199973,0
818.1875,2409.094,131.8367,-0.06551579,2.042358,0
2772.734,2409.094,131.8367,0.135492,2.1311,0
1409.094,2454.547,131.8367,0.2467789,2.040951,0
1772.734,2545.453,131.8367,0.1947284,2.073419,0
2454.547,2681.813,131.8367,-0.01568992,2.07197,0
1090.906,2818.188,131.8367,0.1827782,2.047186,0
1681.813,2863.641,131.8367,0.1967235,1.957109,0
2772.734,2863.641,131.8367,0.006292777,2.172269,0
3318.188,2909.094,131.8367,0.004600899,2.441062,0
1363.641,3000,131.8367,0.2054147,1.967307,0
2272.734,3045.453,131.8367,0.1527101,2.016888,0
2000,3090.906,131.8367,0.143013,1.973204,0
681.8125,3136.359,131.8367,0.08271519,2.677686,0
272.7344,3318.188,131.8367,-0.05766948,2.222346,0
1090.906,3363.641,131.8367,0.1545812,2.030297,0
1545.453,3363.641,131.8367,0.1546382,2.030147,0
1954.547,3363.641,131.8367,0.002549278,2.120474,0
2681.813,3363.641,131.8367,0.130836,2.204771,0
4000,3636.359,131.8367,0.1409827,2.081846,0
1318.188,3681.813,131.8367,0.1886571,2.060984,0
3000,3727.266,131.8367,0.1998894,1.876761,0
2318.188,3818.188,131.8367,-0.1119145,2.572152,0
500,4090.906,131.8367,-0.1868181,2.277708,0
3272.734,4090.906,131.8367,0.3815399,2.124678,1
3954.547,4136.359,131.8367,0.2755932,2.18142,0
3500,4272.734,131.8367,0.3755468,2.206689,0
2409.094,227.2656,124.0816,0.1306895,2.271135,0
2272.734,409.0938,124.0816,0.1134716,2.159213,0
3181.813,409.0938,124.0816,0.1164165,1.979806,0
590.9063,954.5469,124.0816,-0.03445271,2.115626,0
2636.359,1363.641,124.0816,0.02090024,2.165863,0
3090.906,1863.641,124.0816,-0.1820415,2.258278,0
1590.906,2045.453,124.0816,0.1868402,1.930515,0
772.7344,2090.906,124.0816,-0.1276183,2.192094,0
2045.453,2363.641,124.0816,-0.005114524,2.190706,0
818.1875,2409.094,124.0816,-0.05579585,2.027803,0
2772.734,2409.094,124.0816,0.1521945,2.113038,0
1409.094,2454.547,124.0816,0.261592,2.017729,0
1772.734,2545.453,124.0816,0.2060612,2.049235,0
2454.547,2681.813,124.0816,-0.007623402,2.054918,0
1090.906,2818.188,124.0816,0.1973099,2.029984,0
1681.813,2863.641,124.0816,0.2111121,1.941027,0
2772.734,2863.641,124.0816,0.0175526,2.136751,0
3318.188,2909.094,124.0816,0.01634669,2.434546,0
1363.641,3000,124.0816,0.2204409,1.951893,0
2272.734,3045.453,124.0816,0.1670613,1.990733,0
2000,3090.906,124.0816,0.1557319,1.954849,0
681.8125,3136.359,124.0816,0.0979265,2.63975,0
272.7344,3318.188,124.0816,-0.0441177,2.242306,0
1090.906,3363.641,124.0816,0.16745,2.015896,0
1545.453,3363.641,124.0816,0.1649549,2.007207,0
1954.547,3363.641,124.0816,0.01316111,2.094163,0
2681.813,3363.641,124.0816,0.1459396,2.160708,0
4000,3636.359,124.0816,0.1482446,2.077332,0
1318.188,3681.813,124.0816,0.2008341,2.045501,0
3000,3727.266,124.0816,0.2159854,1.869287,0
2318.188,3818.188,124.0816,-0.1015276,2.530187,0
500,4090.906,124.0816,-0.178729,2.266487,0
3272.734,4090.906,124.0816,0.3958891,2.1157,1
3954.547,4136.359,124.0816,0.2801969,2.178377,0
3500,4272.734,124.0816,0.3825663,2.200896,0
2409.094,227.2656,116.3265,0.1397262,2.258271,0
2272.734,409.0938,116.3265,0.121766,2.148119,0
3181.813,409.0938,116.3265,0.1249389,1.974085,0
590.9063,954.5469,116.3265,-0.02887252,2.113298,0
2636.359,1363.641,116.3265,0.02714643,2.152064,0
3090.906,1863.641,116.3265,-0.1762915,2.248727,0
1590.906,2045.453,116.3265,0.1953238,1.916986,0
772.7344,2090.906,116.3265,-0.121918,2.179932,0
2045.453,2363.641,116.3265,0.001125784,2.183197,0
818.1875,2409.094,116.3265,-0.04984502,2.018864,0
2772.734,2409.094,116.3265,0.1604612,2.102311,0
1409.094,2454.547,116.3265,0.2706708,2.003897,0
1772.734,2545.453,116.3265,0.2133679,2.034421,0
2454.547,2681.813,116.3265,-0.001383422,2.04184,0
1090.906,2818.188,116.3265,0.206268,2.01792,0
1681.813,2863.641,116.3265,0.2192225,1.932502,0
2772.734,2863.641,116.3265,0.02369146,2.12001,0
3318.188,2909.094,116.3265,0.02378501,2.427554,0
1363.641,3000,116.3265,0.2295609,1.942901,0
2272.734,3045.453,116.3265,0.1745903,1.976606,0
2000,3090.906,116.3265,0.1644097,1.943721,0
681.8125,3136.359,116.3265,0.1063785,2.62452,0
272.7344,3318.188,116.3265,-0.03760852,2.253045,0
1090.906,3363.641,116.3265,0.1752216,2.007842,0
1545.453,3363.641,116.3265,0.1724655,1.995803,0
1954.547,3363.641,116.3265,0.01928127,2.081922,0
2681.813,3363.641,116.3265,0.1544606,2.139039,0
4000,3636.359,116.3265,0.1524629,2.075025,0
1318.188,3681.813,116.3265,0.2072414,2.038116,0
3000,3727.266,116.3265,0.2246984,1.863982,0
2318.188,3818.188,116.3265,-0.09566367,2.506993,0
500,4090.906,116.3265,-0.1746929,2.263437,0
3272.734,4090.906,116.3265,0.4035229,2.110248,1
3954.547,4136.359,116.3265,0.282507,2.176996,0
3500,4272.734,116.3265,0.3865416,2.197581,0
2409.094,227.2656,108.5714,0.1560975,2.237018,0
2272.734,409.0938,108.5714,0.135451,2.133384,0
3181.813,409.0938,108.5714,0.1389325,1.967459,0
590.9063,954.5469,108.5714,-0.01815589,2.110454,0
2636.359,1363.641,108.5714,0.03713074,2.133241,0
3090.906,1863.641,108.5714,-0.16485,2.229404,0
1590.906,2045.453,108.5714,0.2084874,1.896906,0
772.7344,2090.906,108.5714,-0.1119037,2.155655,0
2045.453,2363.641,108.5714,0.01455847,2.162683,0
818.1875,2409.094,108.5714,-0.03857738,2.004954,0
2772.734,2409.094,108.5714,0.1717349,2.0829,0
1409.094,2454.547,108.5714,0.2851209,1.979624,0
1772.734,2545.453,108.5714,0.2264544,2.008868,0
2454.547,2681.813,108.5714,0.01299578,2.013393,0
1090.906,2818.188,108.5714,0.2214343,1.997467,0
1681.813,2863.641,108.5714,0.234258,1.919057,0
2772.734,2863.641,108.5714,0.03625728,2.090406,0
3318.188,2909.094,108.5714,0.03621105,2.409545,0
1363.641,3000,108.5714,0.2429267,1.932228,0
2272.734,3045.453,108.5714,0.1856761,1.956854,0
2000,3090.906,108.5714,0.1798375,1.925269,0
681.8125,3136.359,108.5714,0.1209781,2.586743,0
272.7344,3318.188,108.5714,-0.02570198,2.278875,0
1090.906,3363.641,108.5714,0.1893571,1.995036,0
1545.453,3363.641,108.5714,0.1874963,1.979358,0
1954.547,3363.641,108.5714,0.03102945,2.064755,0
2681.813,3363.641,108.5714,0.169225,2.103469,0
4000,3636.359,108.5714,0.1586915,2.073043,0
1318.188,3681.813,108.5714,0.2192189,2.024795,0
3000,3727.266,108.5714,0.2376584,1.863471,0
2318.188,3818.188,108.5714,-0.08399719,2.462592,0
500,4090.906,108.5714,-0.1678509,2.263754,0
3272.734,4090.906,108.5714,0.4144918,2.10041,1
3954.547,4136.359,108.5714,0.2860228,2.177344,0
3500,4272.734,108.5714,0.3923592,2.19229,0
2409.094,227.2656,100.8163,0.1700597,2.216706,0
2272.734,409.0938,100.8163,0.1491841,2.110721,0
3181.813,409.0938,100.8163,0.1522092,1.955839,0
590.9063,954.5469,100.8163,-0.00848393,2.105623,0
2636.359,1363.641,100.8163,0.04718146,2.108386,0
3090.906,1863.641,100.8163,-0.1590873,2.215106,0
1590.906,2045.453,100.8163,0.2249846,1.874847,0
772.7344,2090.906,100.8163,-0.1034692,2.141227,0
2045.453,2363.641,100.8163,0.02117966,2.160636,0
818.1875,2409.094,100.8163,-0.03135152,1.990705,0
2772.734,2409.094,100.8163,0.1887327,2.067858,0
1409.094,2454.547,100.8163,0.3018765,1.961421,0
1772.734,2545.453,100.8163,0.238647,1.988558,0
2454.547,2681.813,100.8163,0.01847531,2.001599,0
1090.906,2818.188,100.8163,0.2352714,1.983553,0
1681.813,2863.641,100.8163,0.2483724,1.906778,0
2772.734,2863.641,100.8163,0.04580035,2.062002,0
3318.188,2909.094,100.8163,0.04702359,2.401366,0
1363.641,3000,100.8163,0.2606233,1.915243,0
2272.734,3045.453,100.8163,0.200444,1.935018,0
2000,3090.906,100.8163,0.1935835,1.911377,0
681.8125,3136.359,100.8163,0.1347506,2.555662,0
272.7344,3318.188,100.8163,-0.01443593,2.294002,0
1090.906,3363.641,100.8163,0.2011651,1.980832,0
1545.453,3363.641,100.8163,0.1969728,1.95964,0
1954.547,3363.641,100.8163,0.04034884,2.042207,0
2681.813,3363.641,100.8163,0.1837064,2.068475,0
4000,3636.359,100.8163,0.1655305,2.067491,0
1318.188,3681.813,100.8163,0.2298393,2.011984,0
3000,3727.266,100.8163,0.2551109,1.852508,0
2318.188,3818.188,100.8163,-0.07546134,2.426524,0
500,4090.906,100.8163,-0.1621849,2.24917,0
3272.734,4090.906,100.8163,0.4280408,2.095159,1
3954.547,4136.359,100.8163,0.2904913,2.17241,0
3500,4272.734,100.8163,0.3992938,2.185719,0
2409.094,227.2656,93.06123,0.182572,2.201786,0
2272.734,409.0938,93.06123,0.1595579,2.100003,0
3181.813,409.0938,93.06123,0.1629052,1.953157,0
590.9063,954.5469,93.06123,-0.004382594,2.105017,0
2636.359,1363.641,93.06123,0.0536111,2.096441,0
3090.906,1863.641,93.06123,-0.1494938,2.200336,0
1590.906,2045.453,93.06123,0.2291235,1.869016,0
772.7344,2090.906,93.06123,-0.09604199,2.124223,0
2045.453,2363.641,93.06123,0.03358293,2.137926,0
818.1875,2409.094,93.06123,-0.0218234,1.980711,0
2772.734,2409.094,93.06123,0.1951195,2.054825,0
1409.094,2454.547,93.06123,0.3102787,1.946508,0
1772.734,2545.453,93.06123,0.2494778,1.970707,0
2454.547,2681.813,93.06123,0.03179163,1.978395,0
1090.906,2818.188,93.06123,0.2466989,1.969052,0
1681.813,2863.641,93.06123,0.2600153,1.898276,0
2772.734,2863.641,93.06123,0.05523924,2.043578,0
3318.188,2909.094,93.06123,0.05660202,2.384094,0
1363.641,3000,93.06123,0.2687241,1.911699,0
2272.734,3045.453,93.06123,0.209293,1.922016,0
2000,3090.906,93.06123,0.203016,1.901279,0
681.8125,3136.359,93.06123,0.1456037,2.52887,0
272.7344,3318.188,93.06123,-0.006265817,2.31113,0
1090.906,3363.641,93.06123,0.2108006,1.974878,0
1545.453,3363.641,93.06123,0.2098132,1.951789,0
1954.547,3363.641,93.06123,0.04931061,2.034579,0
2681.813,3363.641,93.06123,0.1944681,2.046998,0
4000,3636.359,93.06123,0.1694843,2.066422,0
1318.188,3681.813,93.06123,0.2376282,2.004578,0
3000,3727.266,93.06123,0.2649232,1.854065,0
2318.188,3818.188,93.06123,-0.06709826,2.395254,0
500,4090.906,93.06123,-0.1565575,2.252901,0
3272.734,4090.906,93.06123,0.4353232,2.088858,1
3954.547,4136.359,93.06123,0.2922611,2.174475,0
3500,4272.734,93.06123,0.403098,2.183503,1
2409.094,227.2656,85.30613,0.2018485,2.17574,0
2272.734,409.0938,85.30613,0.1770109,2.075273,0
3181.813,409.0938,85.30613,0.1802382,1.939881,0
590.9063,954.5469,85.30613,0.009058135,2.101124,0
2636.359,1363.641,85.30613,0.06558249,2.068814,0
3090.906,1863.641,85.30613,-0.1382658,2.176094,0
1590.906,2045.453,85.30613,0.2473925,1.846845,0
772.7344,2090.906,85.30613,-0.08577782,2.102577,0
2045.453,2363.641,85.30613,0.04882815,2.118255,0
818.1875,2409.094,85.30613,-0.01049833,1.962589,0
2772.734,2409.094,85.30613,0.2126801,2.033845,0
1409.094,2454.547,85.30613,0.3298024,1.921897,1
1772.734,2545.453,85.30613,0.2640791,1.94667,0
2454.547,2681.813,85.30613,0.04517687,1.955266,0
1090.906,2818.188,85.30613,0.265274,1.948988,0
1681.813,2863.641,85.30613,0.2777336,1.884901,0
2772.734,2863.641,85.30613,0.0690185,2.011338,0
3318.188,2909.094,85.30613,0.07136013,2.361769,0
1363.641,3000,85.30613,0.2887605,1.897956,0
2272.734,3045.453,85.30613,0.2249953,1.901404,0
2000,3090.906,85.30613,0.2214323,1.884604,0
681.8125,3136.359,85.30613,0.1633784,2.486884,0
272.7344,3318.188,85.30613,0.008870216,2.339026,0
1090.906,3363.641,85.30613,0.2277035,1.959347,0
1545.453,3363.641,85.30613,0.2270079,1.932442,0
1954.547,3363.641,85.30613,0.06306159,2.013842,0
2681.813,3363.641,85.30613,0.2129823,2.010328,0
4000,3636.359,85.30613,0.1780991,2.06115,0
1318.188,3681.813,85.30613,0.2501338,1.990214,0
3000,3727.266,85.30613,0.283288,1.847284,0
2318.188,3818.188,85.30613,-0.05462238,2.347622,0
500,4090.906,85.30613,-0.1479076,2.243989,0
3272.734,4090.906,85.30613,0.4501253,2.079504,1
3954.547,4136.359,85.30613,0.2964337,2.171853,0
3500,4272.734,85.30613,0.4099565,2.177009,1
2409.094,227.2656,77.55103,0.2129952,2.161182,0
2272.734,409.0938,77.55103,0.1872275,2.059719,0
3181.813,409.0938,77.55103,0.1905984,1.931904,0
590.9063,954.5469,77.55103,0.01645063,2.09836,0
2636.359,1363.641,77.55103,0.07300283,2.052207,0
3090.906,1863.641,77.55103,-0.1324979,2.161466,0
1590.906,2045.453,77.55103,0.2588697,1.83293,0
772.7344,2090.906,77.55103,-0.07961136,2.0909,0
2045.453,2363.641,77.55103,0.05544741,2.111782,0
818.1875,2409.094,77.55103,-0.004194735,1.95213,0
2772.734,2409.094,77.55103,0.2234601,2.022809,0
1409.094,2454.547,77.55103,0.3422045,1.907928,1
1772.734,2545.453,77.55103,0.2730727,1.933253,0
2454.547,2681.813,77.55103,0.05150352,1.942405,0
1090.906,2818.188,77.55103,0.2764376,1.937865,0
1681.813,2863.641,77.55103,0.2890365,1.877637,0
2772.734,2863.641,77.55103,0.07726952,1.991775,0
3318.188,2909.094,77.55103,0.07998709,2.349583,0
1363.641,3000,77.55103,0.3023481,1.887266,0
2272.734,3045.453,77.55103,0.2356772,1.888195,0
2000,3090.906,77.55103,0.2320539,1.87592,0
681.8125,3136.359,77.55103,0.1739598,2.466604,0
272.7344,3318.188,77.55103,0.01659468,2.351501,0
1090.906,3363.641,77.55103,0.237603,1.948616,0
1545.453,3363.641,77.55103,0.2358523,1.920147,0
1954.547,3363.641,77.55103,0.07089824,2.000309,0
2681.813,3363.641,77.55103,0.2240144,1.988954,0
4000,3636.359,77.55103,0.183321,2.056864,0
1318.188,3681.813,77.55103,0.2590723,1.981289,0
3000,3727.266,77.55103,0.2957176,1.839909,0
2318.188,3818.188,77.55103,-0.04808035,2.319895,0
500,4090.906,77.55103,-0.1437434,2.23758,0
3272.734,4090.906,77.55103,0.4592519,2.075913,1
3954.547,4136.359,77.55103,0.2991889,2.168975,0
3500,4272.734,77.55103,0.4144446,2.173485,1
2409.094,227.2656,69.79591,0.230969,2.137843,0
2272.734,409.0938,69.79591,0.2033561,2.042217,0
3181.813,409.0938,69.79591,0.205501,1.922191,0
590.9063,954.5469,69.79591,0.02488379,2.096827,0
2636.359,1363.641,69.79591,0.08285762,2.031839,0
3090.906,1863.641,69.79591,-0.1200472,2.136294,0
1590.906,2045.453,69.79591,0.2725402,1.819474,0
772.7344,2090.906,69.79591,-0.06889935,2.067685,0
2045.453,2363.641,69.79591,0.07269315,2.077067,0
818.1875,2409.094,69.79591,0.007113563,1.939045,0
2772.734,2409.094,69.79591,0.2335338,2.003103,0
1409.094,2454.547,69.79591,0.3584302,1.887132,1
1772.734,2545.453,69.79591,0.2892016,1.910429,0
2454.547,2681.813,69.79591,0.06995372,1.915115,0
1090.906,2818.188,69.79591,0.2944609,1.918312,0
1681.813,2863.641,69.79591,0.3053193,1.867393,0
2772.734,2863.641,69.79591,0.09104059,1.96551,0
3318.188,2909.094,69.79591,0.09313195,2.317258,0
1363.641,3000,69.79591,0.3182629,1.880059,1
2272.734,3045.453,69.79591,0.2485681,1.871243,0
2000,3090.906,69.79591,0.2496473,1.862298,0
681.8125,3136.359,69.79591,0.1887308,2.430068,0
272.7344,3318.188,69.79591,0.0267213,2.369855,0
1090.906,3363.641,69.79591,0.2537402,1.937894,0
1545.453,3363.641,69.79591,0.2535479,1.907177,0
1954.547,3363.641,69.79591,0.08613931,1.985704,0
2681.813,3363.641,69.79591,0.2380405,1.963576,0
4000,3636.359,69.79591,0.1894621,2.055777,0
1318.188,3681.813,69.79591,0.2707573,1.970343,0
3000,3727.266,69.79591,0.3106517,1.84143,1
2318.188,3818.188,69.79591,-0.0363673,2.276263,0
500,4090.906,69.79591,-0.1363146,2.238679,0
3272.734,4090.906,69.79591,0.4702913,2.067955,1
3954.547,4136.359,69.79591,0.3029951,2.169613,0
3500,4272.734,69.79591,0.4198649,2.16907,1
2409.094,227.2656,62.04081,0.2499107,2.11419,0
2272.734,409.0938,62.04081,0.219857,2.015157,0
3181.813,409.0938,62.04081,0.2225174,1.908298,0
590.9063,954.5469,62.04081,0.03813551,2.092183,0
2636.359,1363.641,62.04081,0.09364401,2.00289,0
3090.906,1863.641,62.04081,-0.1112578,2.111136,0
1590.906,2045.453,62.04081,0.2891771,1.798837,0
772.7344,2090.906,62.04081,-0.06019728,2.051479,0
2045.453,2363.641,62.04081,0.08440638,2.059922,0
818.1875,2409.094,62.04081,0.01732858,1.920497,0
2772.734,2409.094,62.04081,0.2521724,1.98581,0
1409.094,2454.547,62.04081,0.3776784,1.868337,1
1772.734,2545.453,62.04081,0.3042759,1.889634,0
2454.547,2681.813,62.04081,0.08028878,1.896286,0
1090.906,2818.188,62.04081,0.3124322,1.901246,0
1681.813,2863.641,62.04081,0.3234941,1.855926,1
2772.734,2863.641,62.04081,0.1041557,1.936034,0
3318.188,2909.094,62.04081,0.1077142,2.291319,0
1363.641,3000,62.04081,0.3387451,1.866413,1
2272.734,3045.453,62.04081,0.2664401,1.852171,0
2000,3090.906,62.04081,0.2644989,1.85157,0
681.8125,3136.359,62.04081,0.2061316,2.393822,0
272.7344,3318.188,62.04081,0.04073014,2.39441,0
1090.906,3363.641,62.04081,0.2685948,1.921868,0
1545.453,3363.641,62.04081,0.2688891,1.888749,0
1954.547,3363.641,62.04081,0.09798322,1.965997,0
2681.813,3363.641,62.04081,0.2574382,1.932039,0
4000,3636.359,62.04081,0.1967204,2.050479,0
1318.188,3681.813,62.04081,0.2830254,1.957523,0
3000,3727.266,62.04081,0.3312778,1.827414,1
2318.188,3818.188,62.04081,-0.02551853,2.233638,0
500,4090.906,62.04081,-0.1294872,2.2258,0
3272.734,4090.906,62.04081,0.4853925,2.062166,1
3954.547,4136.359,62.04081,0.3068211,2.165002,0
3500,4272.734,62.04081,0.4270495,2.163151,1
2409.094,227.2656,54.28571,0.2620156,2.097098,0
2272.734,409.0938,54.28571,0.230772,2.001897,0
3181.813,409.0938,54.28571,0.233064,1.901892,0
590.9063,954.5469,54.28571,0.04002502,2.091341,0
2636.359,1363.641,54.28571,0.1003246,1.987653,0
3090.906,1863.641,54.28571,-0.1026434,2.093997,0
1590.906,2045.453,54.28571,0.2960082,1.792872,1
772.7344,2090.906,54.28571,-0.05393115,2.037505,0
2045.453,2363.641,54.28571,0.09741587,2.032495,0
818.1875,2409.094,54.28571,0.02570185,1.91083,0
2772.734,2409.094,54.28571,0.258545,1.972626,0
1409.094,2454.547,54.28571,0.3881353,1.857331,1
1772.734,2545.453,54.28571,0.3164423,1.875614,1
2454.547,2681.813,54.28571,0.09341466,1.878546,0
1090.906,2818.188,54.28571,0.3246472,1.889008,0
1681.813,2863.641,54.28571,0.3356731,1.848703,1
2772.734,2863.641,54.28571,0.1140567,1.917363,0
3318.188,2909.094,54.28571,0.1169974,2.268024,0
1363.641,3000,54.28571,0.350136,1.861025,1
2272.734,3045.453,54.28571,0.2761663,1.841204,0
2000,3090.906,54.28571,0.2769056,1.843766,0
681.8125,3136.359,54.28571,0.2172276,2.365615,0
272.7344,3318.188,54.28571,0.0495739,2.40776,0
1090.906,3363.641,54.28571,0.2790656,1.91635,0
1545.453,3363.641,54.28571,0.281636,1.882173,0
1954.547,3363.641,54.28571,0.1082259,1.958073,0
2681.813,3363.641,54.28571,0.2676233,1.915125,0
4000,3636.359,54.28571,0.2009611,2.049881,0
1318.188,3681.813,54.28571,0.2900054,1.950903,0
3000,3727.266,54.28571,0.3416346,1.826001,1
2318.188,3818.188,54.28571,-0.01696257,2.20429,0
500,4090.906,54.28571,-0.124261,2.226454,0
3272.734,4090.906,54.28571,0.4932537,2.05499,1
3954.547,4136.359,54.28571,0.3089852,2.165262,0
3500,4272.734,54.28571,0.4308976,2.160131,1
2409.094,227.2656,46.53061,0.2832892,2.071685,0
2272.734,409.0938,46.53061,0.2493187,1.977014,0
3181.813,409.0938,46.53061,0.251735,1.887808,0
590.9063,954.5469,46.53061,0.05143034,2.088042,0
2636.359,1363.641,46.53061,0.1122276,1.958116,0
3090.906,1863.641,46.53061,-0.0892428,2.06049,0
1590.906,2045.453,46.53061,0.3140436,1.774695,1
772.7344,2090.906,46.53061,-0.04229337,2.015919,0
2045.453,2363.641,46.53061,0.1164857,1.987843,0
818.1875,2409.094,46.53061,0.03880494,1.89236,0
2772.734,2409.094,46.53061,0.2722648,1.953331,0
1409.094,2454.547,46.53061,0.409936,1.835767,1
1772.734,2545.453,46.53061,0.3344157,1.854138,1
2454.547,2681.813,46.53061,0.1116945,1.852548,0
1090.906,2818.188,46.53061,0.3463026,1.868181,1
1681.813,2863.641,46.53061,0.3577002,1.83752,1
2772.734,2863.641,46.53061,0.1303504,1.887974,0
3318.188,2909.094,46.53061,0.1334319,2.224653,0
1363.641,3000,46.53061,0.3725165,1.849964,1
2272.734,3045.453,46.53061,0.2926593,1.823647,1
2000,3090.906,46.53061,0.2973063,1.8318,0
681.8125,3136.359,46.53061,0.2365755,2.323215,0
272.7344,3318.188,46.53061,0.06126358,2.427079,0
1090.906,3363.641,46.53061,0.2981816,1.901762,0
1545.453,3363.641,46.53061,0.3020037,1.865674,0
1954.547,3363.641,46.53061,0.1249714,1.939436,0
2681.813,3363.641,46.53061,0.287331,1.885936,0
4000,3636.359,46.53061,0.2087923,2.046479,0
1318.188,3681.813,46.53061,0.3045859,1.938112,0
3000,3727.266,46.53061,0.3621267,1.817339,1
2318.188,3818.188,46.53061,-0.003650678,2.155448,0
500,4090.906,46.53061,-0.1154588,2.220234,0
3272.734,4090.906,46.53061,0.507278,2.05046,1
3954.547,4136.359,46.53061,0.3133749,2.163922,0
3500,4272.734,46.53061,0.4377385,2.155355,1
2409.094,227.2656,38.77552,0.2984538,2.052793,0
2272.734,409.0938,38.77552,0.2620137,1.956799,0
3181.813,409.0938,38.77552,0.2636965,1.87662,0
590.9063,954.5469,38.77552,0.06535351,2.084437,0
2636.359,1363.641,38.77552,0.1204002,1.936663,0
3090.906,1863.641,38.77552,-0.08343866,2.038934,0
1590.906,2045.453,38.77552,0.3284895,1.756942,1
772.7344,2090.906,38.77552,-0.03606597,2.004266,0
2045.453,2363.641,38.77552,0.1246046,1.96975,0
818.1875,2409.094,38.77552,0.04528436,1.879959,0
2772.734,2409.094,38.77552,0.2863175,1.93916,0
1409.094,2454.547,38.77552,0.4245813,1.821716,1
1772.734,2545.453,38.77552,0.3454342,1.840472,1
2454.547,2681.813,38.77552,0.1198938,1.838961,0
1090.906,2818.188,38.77552,0.3600742,1.856358,1
1681.813,2863.641,38.77552,0.3709692,1.830174,1
2772.734,2863.641,38.77552,0.1406941,1.866112,0
3318.188,2909.094,38.77552,0.1439263,2.198613,0
1363.641,3000,38.77552,0.3882617,1.839643,1
2272.734,3045.453,38.77552,0.3051706,1.8113,1
2000,3090.906,38.77552,0.3084308,1.82491,1
681.8125,3136.359,38.77552,0.2491024,2.300564,0
272.7344,3318.188,38.77552,0.071647,2.447253,0
1090.906,3363.641,38.77552,0.3101428,1.888495,1
1545.453,3363.641,38.77552,0.313488,1.851826,1
1954.547,3363.641,38.77552,0.1347552,1.926098,0
2681.813,3363.641,38.77552,0.3019768,1.866423,1
4000,3636.359,38.77552,0.2145223,2.042852,0
1318.188,3681.813,38.77552,0.3149317,1.92783,1
3000,3727.266,38.77552,0.3764368,1.806754,1
2318.188,3818.188,38.77552,0.004971655,2.123266,0
500,4090.906,38.77552,-0.1114246,2.211657,0
3272.734,4090.906,38.77552,0.5183902,2.04643,1
3954.547,4136.359,38.77552,0.316625,2.161313,0
3500,4272.734,38.77552,0.4426735,2.151359,1
2409.094,227.2656,31.02042,0.3145653,2.030732,0
2272.734,409.0938,31.02042,0.2772296,1.939199,0
3181.813,409.0938,31.02042,0.2784269,1.86721,0
590.9063,954.5469,31.02042,0.06677543,2.083948,0
2636.359,1363.641,31.02042,0.1286839,1.917047,0
3090.906,1863.641,31.02042,-0.07080723,2.012266,0
1590.906,2045.453,31.02042,0.3403647,1.74891,1
772.7344,2090.906,31.02042,-0.02687612,1.985376,0
2045.453,2363.641,31.02042,0.1435784,1.925323,0
818.1875,2409.094,31.02042,0.05723014,1.867278,0
2772.734,2409.094,31.02042,0.292106,1.923337,0
1409.094,2454.547,31.02042,0.4405655,1.807008,1
1772.734,2545.453,31.02042,0.36207,1.823349,1
2454.547,2681.813,31.02042,0.1392011,1.816284,0
1090.906,2818.188,31.02042,0.3779204,1.839433,1
1681.813,2863.641,31.02042,0.3882405,1.822911,1
2772.734,2863.641,31.02042,0.1549026,1.844673,0
3318.188,2909.094,31.02042,0.1565854,2.157593,0
1363.641,3000,31.02042,0.405579,1.833236,1
2272.734,3045.453,31.02042,0.3182913,1.798571,1
2000,3090.906,31.02042,0.3266482,1.816331,1
681.8125,3136.359,31.02042,0.2644093,2.266782,0
272.7344,3318.188,31.02042,0.07966048,2.451549,0
1090.906,3363.641,31.02042,0.3253495,1.881892,1
1545.453,3363.641,31.02042,0.3307539,1.843957,1
1954.547,3363.641,31.02042,0.1502126,1.915747,0
2681.813,3363.641,31.02042,0.3137787,1.848016,1
4000,3636.359,31.02042,0.2204621,2.041775,0
1318.188,3681.813,31.02042,0.3254322,1.919181,1
3000,3727.266,31.02042,0.3923389,1.80214,1
2318.188,3818.188,31.02042,0.016821,2.085594,0
500,4090.906,31.02042,-0.1032606,2.21275,0
3272.734,4090.906,31.02042,0.527811,2.039343,1
3954.547,4136.359,31.02042,0.3200324,2.161488,0
3500,4272.734,31.02042,0.4476656,2.148099,1
2409.094,227.2656,23.2653,0.336303,2.004741,0
2272.734,409.0938,23.2653,0.29491,1.911428,0
3181.813,409.0938,23.2653,0.2963576,1.852296,0
590.9063,954.5469,23.2653,0.07991569,2.079768,0
2636.359,1363.641,23.2653,0.1400689,1.887433,0
3090.906,1863.641,23.2653,-0.06000839,1.980565,0
1590.906,2045.453,23.2653,0.3561356,1.730342,1
772.7344,2090.906,23.2653,-0.01780589,1.968425,0
2045.453,2363.641,23.2653,0.160118,1.884163,0
818.1875,2409.094,23.2653,0.06892363,1.848567,0
2772.734,2409.094,23.2653,0.3091206,1.904263,1
1409.094,2454.547,23.2653,0.460251,1.790326,1
1772.734,2545.453,23.2653,0.3787247,1.80427,1
2454.547,2681.813,23.2653,0.1551618,1.794317,0
1090.906,2818.188,23.2653,0.3978755,1.82145,1
1681.813,2863.641,23.2653,0.408767,1.813004,1
2772.734,2863.641,23.2653,0.1699872,1.816382,0
3318.188,2909.094,23.2653,0.1727016,2.115188,0
1363.641,3000,23.2653,0.4275116,1.821684,1
2272.734,3045.453,23.2653,0.3364186,1.783211,1
2000,3090.906,23.2653,0.3424155,1.80917,1
681.8125,3136.359,23.2653,0.2834321,2.228939,0
272.7344,3318.188,23.2653,0.09424083,2.47939,0
1090.906,3363.641,23.2653,0.3432522,1.86636,1
1545.453,3363.641,23.2653,0.350028,1.827288,1
1954.547,3363.641,23.2653,0.165242,1.89872,0
2681.813,3363.641,23.2653,0.3349107,1.822745,1
4000,3636.359,23.2653,0.2283892,2.038249,0
1318.188,3681.813,23.2653,0.3381007,1.908044,1
3000,3727.266,23.2653,0.413391,1.788452,1
2318.188,3818.188,23.2653,0.02995803,2.04177,0
500,4090.906,23.2653,-0.09593287,2.198931,0
3272.734,4090.906,23.2653,0.5431678,2.03454,1
3954.547,4136.359,23.2653,0.3240375,2.15813,0
3500,4272.734,23.2653,0.4550426,2.142157,1
2409.094,227.2656,15.5102,0.347702,1.990085,1
2272.734,409.0938,15.5102,0.3056885,1.897009,0
3181.813,409.0938,15.5102,0.3063578,1.844736,1
590.9063,954.5469,15.5102,0.08271585,2.078491,0
2636.359,1363.641,15.5102,0.1463936,1.870664,0
3090.906,1863.641,15.5102,-0.05171068,1.960394,0
1590.906,2045.453,15.5102,0.3644454,1.722331,1
772.7344,2090.906,15.5102,-0.01126805,1.956979,0
2045.453,2363.641,15.5102,0.1714527,1.859674,0
818.1875,2409.094,15.5102,0.0767668,1.83904,0
2772.734,2409.094,15.5102,0.315646,1.893881,1
1409.094,2454.547,15.5102,0.4717617,1.781471,1
1772.734,2545.453,15.5102,0.3896603,1.793139,1
2454.547,2681.813,15.5102,0.1666375,1.780981,0
1090.906,2818.188,15.5102,0.4100966,1.810685,1
1681.813,2863.641,15.5102,0.4212411,1.807913,1
2772.734,2863.641,15.5102,0.1796984,1.801323,0
3318.188,2909.094,15.5102,0.1816616,2.087815,0
1363.641,3000,15.5102,0.4403796,1.81613,1
2272.734,3045.453,15.5102,0.3461085,1.774646,1
2000,3090.906,15.5102,0.3534747,1.803759,1
681.8125,3136.359,15.5102,0.2938849,2.205702,0
272.7344,3318.188,15.5102,0.09985485,2.481697,0
1090.906,3363.641,15.5102,0.3545905,1.85938,1
1545.453,3363.641,15.5102,0.3613164,1.820947,1
1954.547,3363.641,15.5102,0.1755963,1.890856,0
2681.813,3363.641,15.5102,0.3447691,1.809252,1
4000,3636.359,15.5102,0.2327819,2.036516,0
1318.188,3681.813,15.5102,0.3453917,1.901929,1
3000,3727.266,15.5102,0.4246669,1.782645,1
2318.188,3818.188,15.5102,0.03819271,2.016585,0
500,4090.906,15.5102,-0.09067065,2.197336,0
3272.734,4090.906,15.5102,0.55071,2.032177,1
3954.547,4136.359,15.5102,0.3266066,2.157417,0
3500,4272.734,15.5102,0.4587422,2.139471,1
2409.094,227.2656,7.755098,0.3648155,1.96618,1
2272.734,409.0938,7.755098,0.3223545,1.876118,1
3181.813,409.0938,7.755098,0.3224253,1.832245,1
590.9063,954.5469,7.755098,0.08842746,2.076636,0
2636.359,1363.641,7.755098,0.156326,1.844975,0
3090.906,1863.641,7.755098,-0.03923453,1.93109,0
1590.906,2045.453,7.755098,0.3789616,1.709263,1
772.7344,2090.906,7.755098,-0.001615984,1.939131,0
2045.453,2363.641,7.755098,0.1907649,1.817455,0
818.1875,2409.094,7.755098,0.08954099,1.8254,0
2772.734,2409.094,7.755098,0.3233157,1.877498,1
1409.094,2454.547,7.755098,0.490079,1.766597,1
1772.734,2545.453,7.755098,0.40769,1.7775,1
2454.547,2681.813,7.755098,0.18513,1.76111,0
1090.906,2818.188,7.755098,0.4302517,1.793344,1
1681.813,2863.641,7.755098,0.4411418,1.801051,1
2772.734,2863.641,7.755098,0.1954189,1.77833,0
3318.188,2909.094,7.755098,0.1958936,2.044807,0
1363.641,3000,7.755098,0.460364,1.808564,1
2272.734,3045.453,7.755098,0.3607456,1.761951,1
2000,3090.906,7.755098,0.3739117,1.795587,1
681.8125,3136.359,7.755098,0.3102747,2.173367,0
272.7344,3318.188,7.755098,0.1101643,2.484457,0
1090.906,3363.641,7.755098,0.3709708,1.849962,1
1545.453,3363.641,7.755098,0.3793287,1.810986,1
1954.547,3363.641,7.755098,0.191334,1.878972,0
2681.813,3363.641,7.755098,0.3587945,1.789506,1
4000,3636.359,7.755098,0.2396522,2.034219,0
1318.188,3681.813,7.755098,0.3575332,1.892504,1
3000,3727.266,7.755098,0.4406343,1.775277,1
2318.188,3818.188,7.755098,0.05122703,1.977758,0
500,4090.906,7.755098,-0.08306563,2.197117,0
3272.734,4090.906,7.755098,0.5619566,2.025537,1
3954.547,4136.359,7.755098,0.3302928,2.156972,0
3500,4272.734,7.755098,0.4639707,2.13691,1
2409.094,227.2656,0,0.3782096,1.951538,1
2272.734,409.0938,0,0.332311,1.859387,1
3181.813,409.0938,0,0.3321013,1.821577,1
590.9063,954.5469,0,0.1066887,2.071728,0
2636.359,1363.641,0,0.1631085,1.828705,0
3090.906,1863.641,0,-0.03438234,1.912198,0
1590.906,2045.453,0,0.3929051,1.689839,1
772.7344,2090.906,0,0.003285529,1.931497,0
2045.453,2363.641,0,0.1986341,1.794789,0
818.1875,2409.094,0,0.09391347,1.815098,0
2772.734,2409.094,0,0.3363571,1.866572,1
1409.094,2454.547,0,0.504537,1.752556,1
1772.734,2545.453,0,0.417368,1.767684,1
2454.547,2681.813,0,0.1933672,1.748654,0
1090.906,2818.188,0,0.4416152,1.785587,1
1681.813,2863.641,0,0.4522635,1.79542,1
2772.734,2863.641,0,0.2033155,1.762799,0
3318.188,2909.094,0,0.2051081,2.023925,0
1363.641,3000,0,0.4754655,1.800181,1
2272.734,3045.453,0,0.3712009,1.753255,1
2000,3090.906,0,0.3836819,1.792105,1
681.8125,3136.359,0,0.3209198,2.155277,0
272.7344,3318.188,0,0.1195211,2.510984,0
1090.906,3363.641,0,0.3818605,1.837029,1
1545.453,3363.641,0,0.3919995,1.797229,1
1954.547,3363.641,0,0.2012029,1.867411,0
2681.813,3363.641,0,0.3732982,1.775581,1
4000,3636.359,0,0.2455165,2.031843,0
1318.188,3681.813,0,0.365036,1.886502,1
3000,3727.266,0,0.4531805,1.767552,1
2318.188,3818.188,0,0.05796574,1.955886,0
500,4090.906,0,-0.07902643,2.178669,0
3272.734,4090.906,0,0.5710589,2.025851,1
3954.547,4136.359,0,0.3332171,2.154479,0
3500,4272.734,0,0.4688412,2.132339,1
